,keyword,count
0,producing soybean,412
1,soybean plants,332
2,derived soybean,304
3,relates soybean,299
4,soybean variety,230
5,soybean cultivar,219
6,soybean cultivars,218
7,plants produced,214
8,hybrid soybean,214
9,transgenic soybean,214
10,plants soybean,206
11,progeny soybean,181
12,agricultural,168
13,soybean,119
14,another soybean,105
15,crossing soybean,104
16,derivatives soybean,104
17,cultures soybean,104
18,fishing,90
19,plants seeds,89
20,plant produced,88
21,soybean varieties,88
22,irrigation,87
23,trait soybean,86
24,compounds,84
25,characterizing soybean,83
26,seeds plants,77
27,harvester,75
28,producing corn,75
29,corn plant,70
30,mower,68
31,maize variety,67
32,cotton plants,67
33,novel soybean,66
34,cotton variety,66
35,producing maize,65
36,novel maize,64
37,transformation maize,64
38,hybrid maize,64
39,antimicrobial,64
