,keyword,count
0,dough,18
1,oven,14
2,cooking,12
3,conveyor,8
4,baking,7
5,cooking chamber,7
6,appliance,5
7,bakery,4
8,heating,4
9,cannabis,4
10,dough pieces,4
11,cooking appliance,4
12,oven includes,4
13,tortillas,3
14,tortilla,3
15,lipolytic,3
16,polypeptide,3
17,polypeptide lipolytic,3
18,conveyor belt,3
19,frozen dough,3
20,baking dough,3
21,resulting powderized,3
22,dose cannabis,3
23,powderized,3
24,gram cannabis,3
25,concentrated cannabis,3
26,incorporating powderized,3
27,producing powderized,3
28,cannabis oil,3
29,powderized cannabis,3
30,automated,3
31,controlling cooking,3
32,compositions,3
33,lipase,3
34,oven system,3
35,baked goods,3
36,roller,3
37,dough based,3
38,appliance includes,3
39,oven including,3
