,keyword,count
0,conveyor,8
1,meat,8
2,poultry,5
3,poultry carcass,5
4,carcass,5
5,sausage,4
6,filling machine,4
7,pork belly,4
8,processing,4
9,food product,4
10,casing,4
11,food casing,4
12,slaughter,4
13,filling,3
14,poultry leg,3
15,sausage products,3
16,pork,3
17,machine filling,3
18,food processing,3
19,blade support,3
20,cutting,3
21,separating meat,3
22,fish,3
23,food products,3
24,meat product,3
25,crustacea,3
26,antimicrobial,2
27,poultry legs,2
28,separation chamber,2
29,separating,2
30,clipper assemblies,2
31,comprising food,2
32,carcasses,2
33,meat cut,2
34,slaughtered animal,2
35,meat products,2
36,moulding,2
37,transport,2
38,transporting,2
39,split blade,2
