,keyword,count
0,compositions,73
1,composition,58
2,nutritional,45
3,food product,38
4,lactobacillus,38
5,supplement,36
6,beverage,34
7,probiotic,29
8,coffee,26
9,pharmaceutical composition,26
10,fatty acids,26
11,food products,25
12,cooking,23
13,milk,23
14,pharmaceutical,19
15,frozen,19
16,compositions comprising,18
17,food,18
18,animal feed,18
19,coating,18
20,fatty acid,17
21,antimicrobial,16
22,nutritional composition,16
23,edible,16
24,protein,16
25,peptide,16
26,polyunsaturated fatty,15
27,bacterial,15
28,nutritional supplement,15
29,supplements,15
30,bifidobacterium,15
31,composition comprising,15
32,invention,15
33,compound,14
34,steviol glycosides,14
35,formulations,14
36,dairy,14
37,fermentation,14
38,nutritional compositions,14
39,cheese,14
