,keyword,count
0,aerosol,169
1,electronic cigarette,107
2,aerosol generating,104
3,cigarette,93
4,vaporizer,71
5,aerosol forming,57
6,tobacco,55
7,electronic,52
8,smoking article,41
9,atomizer,38
10,aerosol delivery,37
11,heating,35
12,vaporization,35
13,smoking,33
14,electronic smoking,31
15,vapor,26
16,cigarette includes,26
17,cartridge,25
18,inhaler,23
19,generating aerosol,23
20,aerosol source,22
21,vaping,20
22,nicotine,20
23,atomizing,18
24,liquid storage,18
25,vaporizing,18
26,liquid aerosol,17
27,provided aerosol,17
28,heater,16
29,including aerosol,16
30,aerosol generation,16
31,unit aerosol,16
32,aerosol precursor,16
33,tobacco material,15
34,generating system,15
35,supply unit,15
36,smokeless tobacco,14
37,generating,14
38,operated aerosol,14
39,power supply,14
