,keyword,count
0,garment,97
1,glove,41
2,fabric,37
3,mask,36
4,wearable,26
5,textile,23
6,apparel,21
7,clothing,20
8,face mask,18
9,garment includes,17
10,garments,16
11,protective,16
12,straps,15
13,article clothing,15
14,glove includes,14
15,artificial tree,13
16,respirator,13
17,tree,12
18,belt,12
19,gloves,11
20,second tree,10
21,mask body,10
22,helmet,10
23,fastener,10
24,absorbent,10
25,flexible,10
26,sensor,10
27,brassiere,9
28,sensing,9
29,knitting,9
30,face shield,9
31,strap,9
32,article apparel,9
33,pad,9
34,footwear,8
35,thermal,8
36,garment garment,8
37,bra,8
38,torso,8
39,sleeve,8
