,keyword,count
0,helmet,103
1,helmet includes,18
2,hat,15
3,headgear,14
4,visor,12
5,wearable,10
6,protective helmet,9
7,mask,9
8,outer shell,9
9,helmet comprising,9
10,helmet helmet,9
11,strap,8
12,protective,8
13,sports helmet,8
14,headband,8
15,safety helmet,7
16,helmet worn,7
17,headwear,7
18,shell helmet,6
19,helmet shell,6
20,helmet comprises,6
21,face mask,6
22,hard hat,6
23,helmet including,5
24,helmets,5
25,cap,5
26,impact absorbing,5
27,head mounted,5
28,accessory,5
29,shock absorbing,5
30,optical,5
31,helmet also,5
32,protection system,5
33,lighting,5
34,safety,5
35,ventilation,5
36,coupled helmet,5
37,head,4
38,hood,4
39,protection,4
