,keyword,count
0,footwear,228
1,article footwear,172
2,shoe,98
3,sole,95
4,sole structure,81
5,footwear includes,63
6,articles footwear,38
7,shoe includes,23
8,foot,23
9,structure,20
10,footwear including,18
11,outsole,17
12,footwear provided,17
13,footwear upper,17
14,heel region,16
15,structure article,15
16,knit,14
17,footwear include,14
18,sensor,13
19,sole shoe,13
20,shoe sole,13
21,fastening,13
22,shoes,12
23,footwear sole,12
24,footwear disclosed,12
25,heel portion,12
26,knitted component,11
27,footwear comprises,11
28,midsole,10
29,upper sole,10
30,foot wearer,10
31,sports shoe,10
32,footwear article,10
33,textile,10
34,knitted,9
35,insole,9
36,includes sole,9
37,foam,9
38,outer sole,9
39,region sole,9
