,keyword,count
0,jewelry,41
1,fastener,31
2,bracelet,26
3,buckle,26
4,strap,24
5,clasp,23
6,slider,22
7,fastening,17
8,attachment,15
9,slide fastener,15
10,zipper,13
11,wearable,13
12,belt,12
13,fastener includes,12
14,belt buckle,11
15,slide,11
16,ring,10
17,wristband,9
18,straps,9
19,jewelry system,9
20,buckle includes,9
21,locking,8
22,accessory,7
23,decorative,7
24,buckle assembly,7
25,magnetic,6
26,webbing,6
27,flexible,6
28,wrist,6
29,gemstone,6
30,closure,5
31,second closure,5
32,seatbelt,5
33,clip,5
34,ornamental,5
35,connector,5
36,strap attached,5
37,molding,5
38,magnet,5
39,slider body,5
