,keyword,count
0,cosmetic,68
1,applicator,53
2,hair,50
3,container,38
4,portable,31
5,mirror,29
6,umbrella,25
7,storage,25
8,backpack,24
9,dispensing,24
10,dispenser,24
11,cosmetic product,23
12,attachment,23
13,straps,20
14,protective case,19
15,bag,18
16,mobile,18
17,case,17
18,keratin,17
19,smart phone,17
20,protective,16
21,hair styling,16
22,carrying,16
23,accessory,15
24,packaging,15
25,holder,15
26,portable electronic,15
27,includes mirror,15
28,foldable,14
29,cosmetic container,14
30,strap,14
31,cosmetic composition,14
32,carrier,14
33,nail,14
34,holster,14
35,instructor smart,14
36,connect smart,14
37,mirror surface,14
38,mirror show,14
39,video smart,14
