,keyword,count
0,brush,63
1,cleaning,57
2,oral,47
3,bristles,46
4,toothbrush,44
5,oral care,44
6,applicator,31
7,plurality bristles,21
8,surface cleaning,19
9,brushing,17
10,tooth cleaning,16
11,brush head,15
12,cleaning includes,13
13,toothbrush includes,13
14,surface cleaned,13
15,tooth,12
16,surface,12
17,applicator applying,11
18,brushes,11
19,bristle,11
20,cleaning provided,11
21,cosmetic,10
22,dental,10
23,hair brush,10
24,teeth,10
25,cleaning brush,9
26,oral hygiene,9
27,electric toothbrush,9
28,applicator member,8
29,applying cosmetic,8
30,toothbrush head,8
31,brush assembly,8
32,interference wiper,8
33,wiper,8
34,wiper interfaces,8
35,cleaned surface,8
36,dental cleaning,8
37,oral cleaning,8
38,cleaning tool,7
39,toothbrush handle,7
