,keyword,count
0,cleaning,216
1,dispenser,127
2,beverage,117
3,vacuum,108
4,chair,105
5,cleaner,104
6,cooking,102
7,appliance,97
8,vacuum cleaner,90
9,surface cleaning,83
10,dishwasher,83
11,dispensing,80
12,robot,76
13,furniture,75
14,seat,71
15,heating,70
16,container,66
17,assembly,65
18,suction,63
19,cleaner includes,60
20,coffee,58
21,adjustable,58
22,table,51
23,surface,47
24,grill,46
25,beverage container,46
26,folding,45
27,brewing,45
28,cabinet,44
29,storage,44
30,rack,43
31,refrigerator,43
32,shelf,42
33,surface cleaned,41
34,toilet,40
35,foldable,38
36,pillow,38
37,beverage preparation,37
38,locking,37
39,cleaning robot,35
