,keyword,count
0,pharmaceutical,1389
1,pharmaceutical compositions,1035
2,compounds,940
3,imaging,758
4,compositions,633
5,catheter,544
6,pharmaceutically,524
7,antibodies,485
8,antibody,466
9,compounds formula,465
10,implant,451
11,surgical instrument,448
12,sensor,437
13,inhibitors,432
14,pharmaceutical composition,430
15,surgical,424
16,electrode,353
17,compound,353
18,formula pharmaceutically,348
19,ultrasound,333
20,endoscope,297
21,optical,294
22,treatment,292
23,instrument,285
24,peptide,284
25,stimulation,278
26,composition,278
27,monitoring,261
28,imaging system,257
29,inhibitor,256
30,formulations,253
31,disclosure,252
32,antigen,230
33,pharmaceutically acceptable,229
34,electrodes,228
35,formula,224
36,disclosed,223
37,absorbent,218
38,tissue,210
39,implantable,200
