,keyword,count
0,fire,48
1,mask,41
2,sprinkler,29
3,fire suppression,28
4,respirator,27
5,fire protection,27
6,fire extinguishing,25
7,fire extinguisher,14
8,suppression,13
9,protection,13
10,suppression system,12
11,respiratory,12
12,mask body,11
13,extinguishing,11
14,breathing,11
15,valve,11
16,face mask,11
17,sprinkler system,10
18,safety,10
19,extinguishing agent,10
20,valve assembly,9
21,fire sprinkler,9
22,sprinkler includes,9
23,monitoring,9
24,extinguishing system,9
25,sprinkler head,9
26,ventilation,8
27,composition,8
28,harness,8
29,tool,8
30,protection sprinkler,8
31,fall protection,8
32,mask includes,8
33,fire retardant,8
34,air filter,7
35,garment,7
36,filter,6
37,includes sprinkler,6
38,system fire,6
39,sprinkler assembly,6
