,keyword,count
0,golf,376
1,golf club,279
2,club head,209
3,golf ball,145
4,exercise,140
5,virtual,117
6,processing,101
7,information processing,88
8,virtual reality,86
9,exercise machine,81
10,video game,77
11,ball,76
12,club heads,73
13,augmented reality,68
14,controller,62
15,training,56
16,club,56
17,embodiments golf,53
18,gaming,53
19,interactive,50
20,sensor,48
21,game system,47
22,toy,45
23,user interface,44
24,virtual space,43
25,virtual environment,43
26,vr,42
27,fitness,41
28,game controller,41
29,augmented,41
30,disclosure,41
31,tracking,39
32,information,39
33,treadmill,36
34,manufacture golf,36
35,embodiments,34
36,swing,34
37,virtual object,34
38,type golf,31
39,golf balls,31
