,keyword,count
0,catalyst,444
1,microfluidic,282
2,filter,265
3,filtration,189
4,membrane,186
5,catalytic,158
6,flow,140
7,purification,140
8,exhaust gas,113
9,inlet,99
10,separation,98
11,reactor,97
12,catalysts,96
13,mixing,94
14,process,91
15,polymer,87
16,substrate,86
17,zeolite,84
18,exhaust,81
19,distillation,73
20,adsorption,71
21,air filter,70
22,filter element,63
23,catalyst comprising,62
24,separating,60
25,polymerization,60
26,membranes,58
27,analyte,58
28,filter assembly,56
29,cartridge,55
30,chromatography,54
31,filter housing,54
32,filtration system,54
33,detection,54
34,filtering,53
35,extraction,52
36,nucleic,50
37,sensor,48
38,fluid communication,47
39,cleaning,47
