,keyword,count
0,grinder,19
1,grinding,18
2,shredding,9
3,shredder,9
4,roller mill,8
5,crusher,8
6,processing,7
7,disposal,6
8,milling,5
9,refining,5
10,paper shredder,5
11,refiner plate,5
12,powder,4
13,crushing,4
14,separation,4
15,material processing,4
16,flow,4
17,shaft,4
18,grinding mill,4
19,roller,4
20,recycling,4
21,impact,4
22,gyratory crusher,4
23,grinder includes,4
24,grinders,3
25,crushing includes,3
26,jaw crusher,3
27,separating,3
28,processing unit,3
29,reactor,3
30,conveyor,3
31,cutting blades,3
32,carbonized,3
33,blade,3
34,electrode,3
35,includes cutter,3
36,cellulose,3
37,grinding food,3
38,machine grinding,3
39,rollers,3
