,keyword,count
0,microfluidic,16
1,separation,15
2,flotation,14
3,electrode,12
4,electrodes,11
5,magnetic,10
6,separating,8
7,electrostatic,8
8,filter,7
9,electric dust,7
10,particles slurry,6
11,filtration,6
12,flotation separation,5
13,flow,5
14,magnetic particles,5
15,process,5
16,separation process,5
17,froth flotation,5
18,flotation cell,5
19,separating particles,5
20,inlet,5
21,conditioner similar,5
22,separation may,5
23,another separation,5
24,flow conditioner,5
25,provided separation,5
26,flow conditioners,5
27,separation mixture,5
28,apparatuses separation,5
29,separation apparatuses,5
30,precipitator,5
31,electrostatic precipitator,5
32,fluid sample,5
33,dust collection,5
34,recycling,5
35,dielectrophoresis,5
36,air,4
37,ionization,4
38,slurry,4
39,processing,4
