,keyword,count
0,separator,28
1,separation,24
2,centrifuge,22
3,centrifugal,22
4,centrifugal separator,22
5,cyclone,21
6,cleaning,13
7,surface cleaning,12
8,separating,12
9,surface,10
10,separation chamber,9
11,separator separating,9
12,assembly,9
13,centrifuge rotor,9
14,inlet,9
15,comprises cyclone,8
16,separator includes,8
17,cyclone chamber,8
18,cleaning comprises,7
19,vacuum,7
20,cyclone separator,7
21,cyclonic,7
22,oil separator,6
23,separation discs,6
24,turbine,6
25,cyclonic cleaning,5
26,rotor,5
27,gas inlet,5
28,hydrocyclone,5
29,blood component,4
30,vortex,4
31,disclosed centrifuge,4
32,cyclone cyclone,4
33,cyclones,4
34,blood cells,4
35,cyclone air,4
36,airflow,4
37,rotor separating,4
38,adjacent separation,4
39,separation disc,4
