,keyword,count
0,coating,189
1,nozzle,96
2,substrate,94
3,dispensing,85
4,dispenser,85
5,applicator,44
6,spray,43
7,coating composition,41
8,spraying,40
9,flow,38
10,sprinkler,38
11,sprayer,33
12,aerosol,31
13,spray nozzle,31
14,adhesive,30
15,shower,30
16,pump,27
17,fluid communication,27
18,coating film,26
19,valve,25
20,surface,24
21,coating material,24
22,polymer,24
23,dispensing system,22
24,spray gun,21
25,coatings,21
26,liquid,20
27,coating layer,20
28,surface substrate,20
29,dispense,20
30,inlet,20
31,cleaning,19
32,nozzles,19
33,paint,19
34,nozzle assembly,19
35,printing,19
36,fluid dispenser,19
37,coating includes,18
38,optical,18
39,dispensing fluid,18
