,keyword,count
0,transducer,87
1,ultrasonic,75
2,piezoelectric,51
3,vibration,40
4,ultrasonic transducer,38
5,transducers,30
6,ultrasound,25
7,piezoelectric element,19
8,ultrasound transducer,18
9,acoustic,17
10,ultrasonic transducers,17
11,vibrator,16
12,transducer includes,15
13,actuator,14
14,transducer array,11
15,vibration motor,11
16,ultrasonic waves,10
17,piezoelectric layer,10
18,includes piezoelectric,10
19,plurality ultrasonic,10
20,vibrating,9
21,ultrasonic wave,8
22,transducer elements,8
23,haptic,8
24,ultrasound probe,7
25,includes transducer,7
26,first piezoelectric,7
27,micromachined ultrasonic,7
28,vibrator includes,6
29,piezoelectric transducer,6
30,motor,6
31,ultrasonic probe,6
32,second piezoelectric,6
33,plurality piezoelectric,6
34,transducer comprising,5
35,transducer assembly,5
36,vibrate,5
37,sensor,5
38,includes ultrasonic,5
39,ultrasonic signals,5
