,keyword,count
0,conveyor,31
1,sorting,30
2,processing,17
3,screening surface,11
4,screening,11
5,conveying,10
6,separation,10
7,screening machines,9
8,screening assemblies,9
9,systems,8
10,assemblies screening,8
11,molded material,8
12,fabricating screening,8
13,molded materials,8
14,screening materials,8
15,injection molded,8
16,molded screen,8
17,screen assembly,8
18,inspection,7
19,separating,7
20,processing system,7
21,sorting system,7
22,detection,6
23,separator,6
24,conveyor belt,6
25,vibratory,6
26,classifying,5
27,classification,5
28,automated,5
29,conveyor conveyor,5
30,parcels,5
31,sieve,5
32,screening machine,5
33,screen,5
34,transport,5
35,sorter,5
36,actuator,5
37,powder,4
38,separator includes,4
39,sorting conveyor,4
