,keyword,count
0,cleaning,159
1,substrate,73
2,substrate processing,32
3,cleaning system,30
4,nozzle,27
5,processing,27
6,surface substrate,25
7,cleaning cleaning,21
8,washing,21
9,substrate cleaning,16
10,cleaning surface,15
11,cleaner,15
12,cleaning solution,14
13,laser,14
14,self cleaning,14
15,surface,13
16,semiconductor,13
17,system cleaning,12
18,plasma,12
19,substrate substrate,12
20,brush,11
21,cleaning fluid,11
22,cleaning substrate,11
23,flow,11
24,cleaner includes,11
25,ultrasonic,10
26,includes substrate,10
27,sensor,10
28,cleaning includes,10
29,pipeline,10
30,surface cleaning,10
31,cleaning unit,10
32,cleaning process,9
33,inspection,9
34,processing liquid,9
35,relates cleaning,9
36,robot,9
37,drain,9
38,wiper,8
39,electrodes,8
