,keyword,count
0,forming,42
1,manufacturing,37
2,fastener,27
3,bending,24
4,pipe,23
5,alloy,20
6,steel,20
7,heat exchanger,20
8,rolling,19
9,assembly,18
10,tool,18
11,extrusion,17
12,welding,17
13,tube,16
14,sheet,15
15,bearing,14
16,aluminum,14
17,tubular,14
18,molding,14
19,steel sheet,14
20,workpiece,14
21,rolling mill,13
22,aluminum alloy,13
23,processing,12
24,metal sheet,12
25,swage,12
26,rivet,11
27,riveting,11
28,bending machine,11
29,machining,11
30,cooling,11
31,stamping,10
32,shaft,10
33,heating,9
34,roller,9
35,structural,9
36,core,9
37,punch,9
38,heat transfer,9
39,titanium,9
