,keyword,count
0,additive manufacturing,295
1,manufacturing,218
2,additive,122
3,alloy,71
4,casting,59
5,powder,53
6,manufacturing process,51
7,three dimensional,49
8,additively manufacturing,45
9,manufacturing system,43
10,manufacturing three,39
11,forming,35
12,additively manufactured,34
13,additively,34
14,mold,34
15,aluminum alloy,34
16,sintering,32
17,casting mold,31
18,3d printing,30
19,build material,30
20,continuous casting,29
21,magnetic,29
22,turbine,29
23,nanoparticles,28
24,magnet,28
25,printing,28
26,gas turbine,27
27,molten metal,26
28,aluminum,26
29,metal powder,25
30,substrate,24
31,coating,23
32,molding,22
33,laser,22
34,alloy powder,22
35,composite,21
36,carbide,20
37,turbine engine,19
38,cemented carbide,18
39,solidification,18
