,keyword,count
0,welding,355
1,laser,266
2,tool,148
3,machining,139
4,manufacturing,138
5,cutting,114
6,laser beam,112
7,additive manufacturing,110
8,cutting tool,102
9,machine tool,78
10,laser processing,57
11,substrate,56
12,processing,54
13,coating,52
14,additive,51
15,cutting insert,50
16,workpiece,48
17,welded,46
18,power tool,44
19,heat exchanger,44
20,welding system,42
21,clamping,42
22,alloy,40
23,weld,40
24,bonding,39
25,solder,39
26,assembly,38
27,tool holder,38
28,turbine,38
29,coated cutting,36
30,electrode,36
31,optical,36
32,drilling,33
33,tool includes,32
34,spindle,32
35,rotary,32
36,laser light,32
37,welding power,31
38,laser welding,31
39,semiconductor,31
