,keyword,count
0,polishing,112
1,polishing pad,38
2,abrasive,38
3,grinding,35
4,power tool,33
5,substrate,31
6,tool,31
7,machining,27
8,abrasive particles,21
9,mechanical polishing,18
10,substrate polishing,17
11,polishing surface,16
12,wafer,15
13,pad polishing,14
14,polishing composition,14
15,surface polishing,14
16,processing,14
17,additive manufacturing,13
18,manufacturing,13
19,grinding wheel,13
20,surface substrate,12
21,tool includes,12
22,surface,12
23,cutting tool,12
24,rotary,11
25,machine tool,11
26,cutting,11
27,motor,11
28,substrate processing,11
29,polishing polishing,10
30,polycrystalline diamond,10
31,coating,10
32,power,9
33,polishing layer,9
34,abrasive article,9
35,slurry,9
36,sharpening,8
37,semiconductor,8
38,polishing pads,8
39,polishing system,8
