,keyword,count
0,robot,392
1,robotic,219
2,tool,181
3,power tool,139
4,robot includes,81
5,robot arm,71
6,fastener,70
7,robot system,67
8,actuator,66
9,robot control,60
10,wrench,56
11,clamping,53
12,robotic arm,53
13,torque,52
14,manipulator,51
15,robotic system,50
16,control,50
17,motor,49
18,end effector,46
19,tool includes,45
20,clamp,40
21,rotary,38
22,arm,37
23,mobile robot,36
24,assembly,34
25,power,33
26,actuators,33
27,robot based,32
28,detection,32
29,battery pack,32
30,substrate,30
31,includes robot,30
32,cleaning,29
33,gripper,29
34,surgical instrument,28
35,workpiece,28
36,sensor,28
37,exoskeleton,27
38,surgical system,27
39,control robot,26
