,keyword,count
0,razor,67
1,shaving,65
2,cutting,64
3,blade,50
4,knife,34
5,cutter,25
6,shaver,24
7,blades,21
8,razor blade,20
9,tool,18
10,handle,18
11,blade cutting,17
12,razor cartridge,16
13,shaving razor,15
14,processing,14
15,cutting tool,13
16,cutting blade,13
17,razor handle,13
18,hair cutting,12
19,electric shaver,12
20,blade cartridge,12
21,knife includes,11
22,folding knife,11
23,rotary,11
24,includes cutting,11
25,knife blade,11
26,blade holder,11
27,portion blade,11
28,folding,10
29,cutting unit,10
30,cutting machine,10
31,cartridge,10
32,slicing,10
33,blade assembly,10
34,utility knife,9
35,cutting includes,9
36,blade housing,9
37,cutting blades,9
38,trimming,9
39,hair,8
