,keyword,count
0,power tool,19
1,cutting,14
2,saw blade,14
3,wood,13
4,tool,12
5,chainsaw,12
6,motor,11
7,miter saw,9
8,chain,9
9,table saw,8
10,sheet,8
11,sheet manufacturing,8
12,cutting tool,8
13,saw,7
14,tool includes,7
15,machine tool,7
16,circular saw,6
17,electric motor,6
18,panel,6
19,composite,6
20,blade,6
21,workpiece,6
22,clamping,6
23,power,5
24,staple,5
25,table saws,5
26,fence,5
27,cutting chain,5
28,lignin,5
29,coating,5
30,saw assembly,5
31,wood products,5
32,cutting blade,5
33,board,5
34,composite material,5
35,wood product,5
36,attachment,5
37,panels,5
38,veneer,5
39,clamp,5
