,keyword,count
0,manufacturing,53
1,additive manufacturing,46
2,additive,23
3,ceramic,19
4,forming,18
5,three dimensional,17
6,honeycomb,16
7,3d printing,13
8,cutting,12
9,composite,12
10,mold,11
11,concrete,11
12,manufacturing three,10
13,manufacturing system,10
14,additively manufacturing,10
15,sintering,9
16,3d printer,9
17,turbine,9
18,printing,9
19,tool,9
20,honeycomb structure,9
21,build material,9
22,cement,8
23,honeycomb body,8
24,manufacturing process,8
25,wafer,7
26,semiconductor,7
27,casting mold,7
28,laser,7
29,machining,7
30,additively,7
31,molding,6
32,ceramic material,6
33,material form,6
34,road milling,6
35,construction,6
36,substrate,6
37,manufacturing ceramic,5
38,construction material,5
39,cement based,5
