,keyword,count
0,additive manufacturing,442
1,manufacturing,380
2,molding,255
3,three dimensional,206
4,additive,167
5,composite,157
6,resin,147
7,printing,133
8,thermoplastic,127
9,injection molding,125
10,polymer,124
11,3d printing,120
12,molded,117
13,mold,105
14,forming,103
15,optical,100
16,composite material,92
17,manufacturing system,88
18,tire,82
19,substrate,76
20,3d printer,74
21,structure,74
22,adhesive,68
23,laminate,68
24,resin composition,67
25,welding,67
26,manufacturing process,64
27,fibers,64
28,fiber reinforced,63
29,fabrication,58
30,composite structure,57
31,manufacturing three,56
32,fabricating,56
33,extruder,56
34,additively manufacturing,55
35,shaping,55
36,3d,55
37,dimensional printing,54
38,build material,54
39,blow molding,53
