,keyword,count
0,pressing,11
1,baler,9
2,roller,9
3,compression,7
4,baling,7
5,press machine,7
6,workpiece,6
7,pneumatic,5
8,bearing,5
9,baling chamber,5
10,roller rotation,5
11,roller coupled,5
12,compaction,5
13,servo,4
14,actuator,4
15,powder press,4
16,rotary,4
17,processing,3
18,molding,3
19,servo press,3
20,compacting,3
21,juice,3
22,manufacturing,3
23,baler including,3
24,baler comprising,3
25,pressing machine,3
26,laminating,3
27,bale,3
28,baler includes,3
29,compression molding,3
30,tablet press,3
31,sliding,3
32,roller translatable,3
33,rosin press,3
34,powder,3
35,compactor,3
36,servomotor,3
37,press,3
38,control system,3
39,includes bale,3
