,keyword,count
0,packaging,22
1,container,17
2,folding,17
3,dunnage,15
4,carton,14
5,corrugated,12
6,sheet,11
7,flexible,11
8,adhesive,10
9,dunnage conversion,10
10,binding,10
11,embossing,9
12,conveyor,9
13,processing,8
14,cardboard,7
15,box,7
16,forming,7
17,paper,7
18,bag,7
19,container formed,6
20,interior carton,6
21,carton carton,6
22,fibrous structure,6
23,assembly,6
24,package,6
25,corrugated cardboard,6
26,sheet processing,5
27,binding processing,5
28,end carton,5
29,carton plurality,5
30,paperboard,5
31,laminated,5
32,plurality panels,5
33,plastic bag,5
34,tissue products,5
35,packaging material,5
36,dunnage product,5
37,foldable,4
38,inflatable,4
39,sealing,4
