,keyword,count
0,adhesive,188
1,laminate,176
2,substrate,136
3,resin,128
4,composite,127
5,laminated,99
6,adhesive layer,96
7,polymer,88
8,coating,84
9,glass,73
10,resin composition,71
11,laminated glass,67
12,thermoplastic,65
13,panel,61
14,composite material,59
15,steel sheet,58
16,optical,57
17,multilayer,56
18,flexible,54
19,manufacturing,52
20,sheet,51
21,packaging,49
22,fabric,45
23,structure,44
24,layer adhesive,42
25,bonding,41
26,display,40
27,display panel,39
28,layer,38
29,resin layer,38
30,fibers,37
31,laminating,37
32,film laminated,36
33,composite structure,35
34,ceramic,35
35,thermoplastic resin,34
36,adhesive composition,33
37,fiber reinforced,33
38,multilayer film,32
39,membrane,31
