,keyword,count
0,additive manufacturing,565
1,manufacturing,362
2,three dimensional,216
3,additive,203
4,printing,141
5,3d printing,139
6,manufacturing system,92
7,manufacturing process,82
8,3d printer,76
9,additively manufacturing,65
10,dimensional printing,62
11,manufacturing three,59
12,3d,59
13,build material,56
14,forming,53
15,fabrication,50
16,additively,47
17,polymer,47
18,printer,46
19,3d printed,46
20,laser,40
21,additively manufactured,40
22,powder,40
23,printing system,39
24,shaping,35
25,dimensional 3d,35
26,manufacturing includes,33
27,structure,32
28,manufacturing machine,29
29,fabricating,29
30,print,29
31,3d object,29
32,filament,28
33,extruder,27
34,printing three,25
35,dimensional printer,25
36,composite,25
37,polymerization,25
38,ink,24
39,inkjet,24
