,keyword,count
0,printing,484
1,ink,270
2,inkjet,195
3,printer,169
4,print,163
5,liquid,125
6,liquid discharge,124
7,discharge,100
8,ink jet,97
9,ejection,92
10,liquid ejection,90
11,substrate,88
12,liquid ejecting,86
13,ejecting,85
14,recording,84
15,image forming,84
16,inkjet printing,74
17,flow,68
18,discharge head,65
19,processing,61
20,printhead,56
21,recording medium,55
22,piezoelectric,54
23,printing system,53
24,discharge liquid,52
25,ink composition,51
26,print head,48
27,printing unit,46
28,ejection head,44
29,printer includes,44
30,thermal,43
31,inkjet printer,41
32,discharge includes,40
33,liquid supply,39
34,cartridge,39
35,image recording,38
36,sheet,37
37,ink tank,34
38,printing includes,34
39,piezoelectric element,32
