,keyword,count
0,security,23
1,optical,20
2,substrate,16
3,sheet,16
4,binding,15
5,security element,13
6,processing,13
7,printing,11
8,security document,11
9,card,10
10,document,9
11,multilayer,8
12,pigment,7
13,ink,6
14,optical effect,6
15,sheet bundle,6
16,sheet binding,6
17,present invention,6
18,luminescent,6
19,producing multilayer,5
20,optical security,5
21,counterfeiting,5
22,anti counterfeiting,5
23,post processing,5
24,transparent,5
25,folding,5
26,security documents,5
27,image forming,5
28,transaction card,5
29,layer,4
30,multilayer body,4
31,laminate,4
32,documents,4
33,binding processing,4
34,sheet processing,4
35,security feature,4
36,hologram,4
37,merchandising product,4
38,effect layers,4
39,magnetizable pigment,4
