,keyword,count
0,writing,12
1,writing instrument,12
2,ink,10
3,pen,9
4,pencil,8
5,marker,6
6,instrument,6
7,marking,5
8,pen includes,5
9,handwriting,5
10,drawing,4
11,eraser,4
12,board,4
13,applicator,4
14,stylus,3
15,sharpener,3
16,adhesive,3
17,ink composition,3
18,utensil,3
19,writing utensil,3
20,tool,3
21,writing board,3
22,instrument comprising,3
23,audio,2
24,sharpening,2
25,pencil sharpener,2
26,hinge,2
27,ink compositions,2
28,ink storage,2
29,ink ink,2
30,touch,2
31,compositions,2
32,connected liquid,2
33,liquid,2
34,adhesive fluid,2
35,squeezed adhesive,2
36,adhesive tube,2
37,adhesive deliver,2
38,thermochromic,2
39,thermochromic writing,2
