,keyword,count
0,decorative,19
1,paint,12
2,substrate,11
3,laminate,9
4,panel,9
5,embossing,8
6,decorative panel,8
7,coating,8
8,printing,8
9,panels,7
10,decoration,7
11,adhesive,7
12,floor panel,7
13,layer substrate,6
14,decorative sheet,6
15,decorative surface,6
16,inkjet,6
17,covering,5
18,provided substrate,5
19,substrate top,5
20,providing substrate,5
21,resin layer,5
22,molding,5
23,paint brush,4
24,include substrate,4
25,tool,4
26,thermal transfer,4
27,digital print,4
28,disclosed,4
29,container,4
30,surface substrate,4
31,panel decorative,4
32,decorative layer,4
33,producing decorative,4
34,layer printed,4
35,forming,4
36,painting,4
37,sheet,4
38,paint roller,4
39,manufacturing floor,4
