,keyword,count
0,vehicle,1095
1,vehicle control,464
2,tire,336
3,control,314
4,vehicle seat,308
5,airbag,283
6,vehicle includes,257
7,electric vehicle,253
8,charging,252
9,autonomous vehicle,248
10,autonomous,244
11,sensor,241
12,braking,241
13,brake,239
14,seat,236
15,hybrid,233
16,motor vehicle,232
17,control system,227
18,control unit,224
19,detection,217
20,transmission,199
21,system vehicle,188
22,steering,186
23,control vehicle,186
24,vehicle controller,178
25,camera,174
26,vehicle system,174
27,assembly,171
28,vehicle based,170
29,suspension,155
30,actuator,150
31,wheel,149
32,pneumatic,148
33,pneumatic tire,143
34,hybrid vehicle,143
35,vehicle vehicle,137
36,controller,128
37,lighting,122
38,assembly includes,119
39,air conditioning,117
