,keyword,count
0,railway,36
1,rail vehicle,33
2,railway vehicle,27
3,rail,27
4,railcar,20
5,railroad,18
6,vehicle system,16
7,transport,15
8,monitoring,15
9,detection,13
10,brake,13
11,vehicle,13
12,track,12
13,braking,12
14,vehicle control,12
15,control system,12
16,transportation system,11
17,system vehicle,11
18,bogie,10
19,locomotive,10
20,transport system,9
21,train control,9
22,control unit,9
23,vehicle controller,8
24,bearing,7
25,railroad track,7
26,communication system,7
27,railroad car,7
28,transportation,7
29,railway track,7
30,motor,7
31,railcar body,7
32,suspension,6
33,vehicle rail,6
34,transport vehicle,6
35,safety,6
36,chassis,6
37,detection system,6
38,control,6
39,actuator,6
