,keyword,count
0,steering,455
1,vehicle,287
2,bicycle,175
3,vehicle body,133
4,steering system,120
5,structure,99
6,vehicle includes,91
7,vehicle control,89
8,steering column,87
9,suspension,77
10,wheel,74
11,steering wheel,71
12,control,65
13,motor vehicle,62
14,assembly,61
15,power steering,60
16,parking,60
17,vehicle steering,57
18,steering control,52
19,motor,51
20,actuator,50
21,cart,49
22,chassis,46
23,assembly includes,44
24,control system,44
25,includes steering,42
26,motorcycle,41
27,sensor,41
28,steering angle,41
29,trailer,40
30,rack,39
31,control unit,38
32,stroller,37
33,structure includes,37
34,structure vehicle,37
35,transport,35
36,steering includes,33
37,detection,33
38,structural,33
39,steering shaft,32
