,keyword,count
0,marine vessel,43
1,watercraft,39
2,boat,35
3,vessel,35
4,propulsion,33
5,outboard motor,30
6,marine,29
7,inflatable,28
8,mooring,25
9,underwater,25
10,motor,25
11,underwater vehicle,21
12,propeller,21
13,flotation,19
14,propulsion system,18
15,outboard,18
16,floating,17
17,trolling motor,15
18,steering,15
19,propeller shaft,13
20,control system,12
21,motor includes,12
22,buoyancy,11
23,wind turbine,11
24,floating structure,11
25,surfboard,11
26,system marine,11
27,actuator,10
28,watercraft includes,10
29,ballast,10
30,pontoons,9
31,offshore,9
32,support structure,9
33,marine engine,9
34,flexible,9
35,mask,9
36,marine propulsion,9
37,unmanned,9
38,hydraulic,8
39,pontoon,8
