,keyword,count
0,unmanned aerial,241
1,aerial vehicle,215
2,aircraft,204
3,uav,190
4,unmanned,180
5,vehicle uav,147
6,aerial,145
7,drone,108
8,rotor,100
9,turbine engine,84
10,gas turbine,83
11,actuator,81
12,turbine,77
13,control system,66
14,propulsion system,61
15,flight control,60
16,propulsion,55
17,system aircraft,47
18,sensor,47
19,monitoring,45
20,landing gear,44
21,rotorcraft,42
22,control,42
23,aircraft includes,41
24,assembly,41
25,aerial vehicles,36
26,fuselage,35
27,inlet,35
28,cooling,35
29,heat exchanger,34
30,wing,33
31,composite,33
32,satellite,30
33,structure,30
34,passenger seat,30
35,systems,30
36,drones,29
37,propeller,28
38,aircraft system,28
39,uav includes,28
