,keyword,count
0,conveyor,360
1,container,358
2,packaging,255
3,dispensing,162
4,conveying,140
5,transport,140
6,sheet,137
7,dispenser,126
8,lid,105
9,storage,100
10,processing,85
11,containers,85
12,beverage,80
13,conveyor belt,79
14,sealing,73
15,transporting,69
16,conveyor system,63
17,image forming,62
18,flexible,57
19,conveyance,57
20,closure,55
21,assembly,55
22,adhesive,54
23,packaging machine,54
24,pallet,52
25,printing,52
26,beverage container,50
27,substrate,50
28,container includes,49
29,folding,49
30,bag,48
31,tray,48
32,reel,45
33,container lid,45
34,paper,44
35,capsule,43
36,roller,43
37,storage container,42
38,package,41
39,robotic,38
