,keyword,count
0,elevator,123
1,elevator system,85
2,crane,61
3,elevator car,54
4,lifting,54
5,lift,41
6,winch,35
7,transport,24
8,conveyor,22
9,actuator,20
10,hydraulic,20
11,assembly,19
12,escalator,16
13,vehicle,16
14,crane includes,15
15,hoist,14
16,elevator shaft,14
17,wind turbine,13
18,brake,13
19,monitoring,13
20,conveyance,13
21,industrial truck,13
22,system elevator,13
23,rope,12
24,lift system,12
25,car elevator,12
26,control,11
27,control system,11
28,example elevator,11
29,motor,11
30,sensor,11
31,hydraulic system,11
32,forklift,11
33,rail,10
34,belt,10
35,locking,10
36,braking,10
37,safety,10
38,transport vehicle,10
39,pallet,9
