,keyword,count
0,beverage,67
1,dispenser,67
2,dispensing,65
3,filling,29
4,dispensing system,26
5,beverage dispensing,26
6,dispensing beverage,24
7,liquid,24
8,valve,23
9,beverage dispenser,23
10,dispense,20
11,refueling,19
12,beverage container,16
13,dispenser includes,16
14,liquid beverage,15
15,beverage beverage,15
16,container,15
17,filling system,14
18,flow,14
19,beverage chamber,13
20,liquid dispenser,13
21,dispensed,13
22,containers,13
23,water purifier,12
24,fuel tank,12
25,refrigerator,12
26,filling machine,11
27,liquid container,11
28,beverage preparation,11
29,fuel dispenser,11
30,container filling,11
31,beverage hand,10
32,user beverage,10
33,chamber beverage,10
34,beverage include,10
35,include beverage,10
36,beverage portable,10
37,system dispensing,9
38,filling containers,9
39,dispense beverage,9
