,keyword,count
0,mems,144
1,sensor,66
2,substrate,63
3,microphone,51
4,microelectromechanical,47
5,system mems,40
6,semiconductor,39
7,mems microphone,35
8,mems includes,25
9,electrode,23
10,sensor includes,23
11,transducer,23
12,systems mems,22
13,sensing,22
14,micro electro,21
15,micro,20
16,piezoelectric,20
17,microfluidic,18
18,electro mechanical,17
19,micromechanical,17
20,manufacturing,17
21,microphone includes,17
22,second substrate,17
23,pressure sensor,16
24,microelectromechanical system,16
25,semiconductor substrate,15
26,actuator,14
27,mems sensor,14
28,substrate mems,14
29,etching,13
30,mems structure,13
31,includes substrate,12
32,quantity sensor,12
33,mems transducer,12
34,microelectromechanical systems,11
35,electrodes,11
36,lidar,11
37,physical quantity,11
38,wafer,10
39,mems component,10
