,keyword,count
0,semiconductor,260
1,substrate,97
2,nanoparticles,85
3,graphene,66
4,semiconductor includes,66
5,quantum dot,56
6,quantum,52
7,nanotube,45
8,nanosheet,44
9,carbon nanotubes,43
10,gate structure,43
11,carbon nanotube,43
12,nanoparticle,42
13,transistor,42
14,nanotubes,39
15,electrode,37
16,second semiconductor,36
17,semiconductor structure,34
18,gate electrode,33
19,quantum dots,32
20,nanowires,32
21,nanostructures,32
22,optical,31
23,semiconductor layer,31
24,nanowire,31
25,first semiconductor,30
26,nanosheets,29
27,gate dielectric,29
28,forming semiconductor,28
29,semiconductor substrate,28
30,nanosheet stack,28
31,dot,25
32,effect transistor,24
33,semiconductor material,24
34,semiconductor layers,23
35,sensor,23
36,nanocomposite,21
37,manufacturing semiconductor,21
38,integrated circuit,21
39,transistors,21
