,keyword,count
0,graphene,121
1,lithium,118
2,electrode,99
3,catalyst,75
4,positive electrode,72
5,secondary battery,65
6,zeolite,59
7,lithium ion,56
8,carbon,55
9,carbon nanotubes,54
10,hydrogen,49
11,nanotubes,49
12,carbon nanotube,49
13,nanotube,47
14,electrode active,43
15,silicon,41
16,electrolyte,40
17,lithium secondary,38
18,battery,37
19,material lithium,37
20,catalytic,35
21,nanoparticles,34
22,oxide,34
23,graphite,32
24,silica,32
25,electrochemical,31
26,active material,30
27,reactor,29
28,negative electrode,28
29,semiconductor,28
30,graphene oxide,27
31,metal oxide,27
32,solid electrolyte,25
33,process,24
34,synthesis gas,24
35,molecular sieve,24
36,aerogel,23
37,carbon material,23
38,catalysts,22
39,ceramic,22
