,keyword,count
0,wastewater,98
1,filtration,85
2,water treatment,84
3,purification,54
4,wastewater treatment,53
5,membrane,44
6,desalination,44
7,reverse osmosis,40
8,treatment system,30
9,filter,30
10,water purification,29
11,osmosis,29
12,filtration system,26
13,sludge,24
14,flow,23
15,purification system,22
16,process,22
17,distillation,20
18,water filter,20
19,inlet,18
20,water filtration,18
21,electrode,18
22,reactor,18
23,treated water,17
24,waste water,16
25,water system,16
26,uv,16
27,filter cartridge,16
28,treating wastewater,15
29,photocatalytic,15
30,treating water,15
31,produced water,15
32,desalination system,15
33,disinfection,14
34,ozone,14
35,liquid treatment,14
36,flows,14
37,ultraviolet,14
38,water purifier,13
39,separation,13
