,keyword,count
0,glass,189
1,glass substrate,59
2,optical,57
3,optical fiber,54
4,substrate,52
5,coating,48
6,glass article,48
7,glass composition,40
8,surface glass,38
9,glass ceramic,31
10,ceramic,29
11,glass sheet,27
12,fiber,27
13,fibers,27
14,laser,24
15,glass articles,22
16,strengthened glass,21
17,manufacturing,21
18,laminated glass,19
19,molten glass,18
20,glass panel,17
21,optical fibers,15
22,strengthened,15
23,transparent,14
24,glass glass,14
25,laminated,14
26,compressive stress,14
27,coated,13
28,manufacturing glass,13
29,producing glass,13
30,glass substrates,13
31,making glass,13
32,fiber preform,12
33,glass fibers,12
34,substrate glass,12
35,infrared,11
36,layer glass,11
37,glass based,11
38,panel,11
39,manufacturing optical,11
