,keyword,count
0,ceramic,141
1,cement,70
2,ceramic matrix,43
3,composite,36
4,manufacturing,33
5,coating,33
6,dielectric,30
7,sintering,30
8,substrate,28
9,concrete,28
10,matrix composite,26
11,ceramic material,26
12,composition,25
13,cementing,21
14,honeycomb,21
15,cement slurry,20
16,silicon carbide,20
17,honeycomb structure,20
18,composite material,18
19,cementitious,17
20,cement composition,17
21,ceramic composition,16
22,additive manufacturing,16
23,additive,16
24,boron nitride,15
25,composite cmc,15
26,ceramic substrate,15
27,oxide,14
28,sintered body,14
29,compositions,14
30,subterranean formation,14
31,sintered,14
32,semiconductor,13
33,electrolyte,13
34,ceramic composite,13
35,manufacturing ceramic,13
36,gypsum,13
37,fibers,12
38,surface ceramic,12
39,dielectric ceramic,12
