,keyword,count
0,fertilizer,47
1,fertilizers,15
2,urease inhibitor,9
3,coating,8
4,microbial,6
5,thiophosphoric triamide,6
6,fertilizer compositions,6
7,nitrogen,5
8,plant growth,5
9,composting,5
10,compositions,5
11,composition,5
12,soil remediation,5
13,alkyl thiophosphoric,5
14,biochar,5
15,soil,5
16,fertilizer includes,5
17,organic fertilizers,4
18,phosphate,4
19,phosphate fertilizer,4
20,fertilizer particles,4
21,triamide urease,4
22,nitrification inhibitor,4
23,potassium sulfate,4
24,nitrification inhibitors,4
25,urease inhibitors,4
26,organic material,3
27,produce nitrogen,3
28,fertiliser,3
29,pesticide,3
30,pellets,3
31,evaporite mineral,3
32,fertilizer comprising,3
33,compost,3
34,increasing nitrogen,3
35,methionine,3
36,producing fertilizer,3
37,inhibitor,3
38,inhibitor composition,3
39,compound formula,3
