,keyword,count
0,explosive,11
1,propellant,6
2,explosive composition,4
3,composition,4
4,rocket motor,3
5,pyrotechnic,3
6,propellant grain,3
7,energetic material,3
8,fuel,3
9,solid propellant,3
10,shock tube,3
11,primer,2
12,rocket,2
13,motor propellant,2
14,downhole tool,2
15,glow,2
16,emits glow,2
17,pellet emits,2
18,glowing solid,2
19,self glowing,2
20,tracer ammunition,2
21,self glow,2
22,projectiles illuminant,2
23,incandescent pellet,2
24,pellets illuminant,2
25,additive manufacturing,2
26,combustible,2
27,explosive charge,2
28,hypergolic,2
29,shock tubing,2
30,cast explosive,2
31,explosive material,2
32,comprising explosive,2
33,castable explosive,2
34,mixture,2
35,detonator,2
36,shock,2
37,solid rocket,2
38,nitrate,2
39,ammonium nitrate,2
