,keyword,count
0,compounds,1151
1,pharmaceutical,879
2,pharmaceutical compositions,782
3,compound,678
4,compounds formula,577
5,antibodies,540
6,antibody,523
7,inhibitors,407
8,formula,366
9,pharmaceutically,360
10,formula pharmaceutically,337
11,compositions,273
12,peptide,271
13,compound formula,264
14,catalyst,238
15,compound represented,221
16,antigen,203
17,pharmaceutical composition,200
18,compounds pharmaceutical,185
19,compounds compositions,185
20,peptides,165
21,inhibitor,164
22,antigen binding,152
23,pharmaceutically acceptable,149
24,immunotherapy,149
25,polypeptides,149
26,nucleic acid,144
27,compounds useful,143
28,provides compounds,131
29,nucleic,131
30,relates compounds,130
31,kinase,129
32,polypeptide,120
33,proteins,120
34,immunotherapeutic,118
35,tumor immune,112
36,peptide epitopes,111
37,using compounds,110
38,use immunotherapeutic,110
39,relates immunotherapy,109
