,keyword,count
0,polymer,712
1,resin,550
2,resin composition,382
3,polymerization,285
4,copolymer,273
5,composition,257
6,coating,250
7,adhesive,212
8,polymers,169
9,polyurethane,168
10,rubber,155
11,thermoplastic,153
12,rubber composition,132
13,coating composition,125
14,compositions,123
15,cellulose,114
16,epoxy resin,114
17,polymer composition,112
18,catalyst,107
19,silicone,103
20,polymeric,102
21,polyethylene,100
22,compound,99
23,adhesive composition,92
24,polyester,86
25,composite,83
26,thermoplastic resin,81
27,copolymers,81
28,polymerizing,81
29,polyolefin,70
30,polymerizable,69
31,substrate,66
32,polypropylene,66
33,polycarbonate,65
34,ethylene,64
35,block copolymer,64
36,fibers,63
37,epoxy,62
38,flame retardant,62
39,hydrogel,62
