,keyword,count
0,adhesive,331
1,coating,329
2,polymer,276
3,compound,200
4,ink,192
5,composition,192
6,resin,187
7,coating composition,154
8,liquid crystal,140
9,light emitting,122
10,adhesive composition,108
11,compositions,107
12,compound represented,106
13,resin composition,100
14,substrate,96
15,adhesive layer,94
16,compounds,93
17,organic light,92
18,copolymer,89
19,ink composition,85
20,polyurethane,81
21,fluorescent,81
22,inkjet,80
23,polishing,77
24,semiconductor,67
25,emitting,67
26,subterranean formation,66
27,optical,63
28,liquid,62
29,silicone,60
30,organic,59
31,corrosion,57
32,epoxy resin,56
33,quantum dot,55
34,printing,54
35,electrode,54
36,polymerization,54
37,ink jet,53
38,coatings,51
39,pigment,50
