,keyword,count
0,catalyst,96
1,lubricant,81
2,lubricating,80
3,hydrocarbon,63
4,pyrolysis,54
5,oil composition,53
6,oil,53
7,composition,49
8,lubricating oil,48
9,lubricant composition,39
10,process,37
11,viscosity,33
12,base oil,32
13,biomass,29
14,fuel composition,28
15,catalytic,27
16,hydrocarbon feed,27
17,crude oil,27
18,reactor,25
19,hydrogenation,24
20,gasification,23
21,catalytic cracking,23
22,additive,22
23,hydroprocessing,21
24,hydrocarbon feedstock,20
25,hydrodesulfurization,20
26,zeolite,20
27,gas stream,20
28,compositions,19
29,catalysts,19
30,fuel,19
31,hydrocarbons,19
32,combustion,19
33,grease composition,18
34,copolymer,18
35,grease,18
36,polymer,17
37,friction,17
38,catalyst comprising,16
39,petroleum,16
