,keyword,count
0,surfactant,72
1,cleaning,65
2,detergent,59
3,composition,51
4,compositions,48
5,detergent composition,42
6,cleaning composition,35
7,fragrance,32
8,compositions comprising,23
9,cleaning compositions,23
10,surfactants,22
11,detergent compositions,20
12,solvent,19
13,laundry,19
14,surfactant system,18
15,comprising polynucleotides,17
16,perfume,16
17,extraction,15
18,fatty acid,15
19,fabric,15
20,oil,14
21,anionic surfactant,14
22,polynucleotides,14
23,compound,14
24,microcapsules,14
25,polypeptides,13
26,laundry detergent,13
27,fatty acids,13
28,polymer,12
29,detergents,12
30,substrate,12
31,cleaning agent,12
32,oils,11
33,dishwashing,11
34,cleansing,9
35,encoding polypeptides,9
36,using polypeptides,9
37,composition comprising,9
38,compounds,9
39,polyunsaturated fatty,9
