,keyword,count
0,nucleic acid,464
1,nucleic,438
2,nucleic acids,206
3,cells,186
4,compositions,183
5,cell,164
6,antibody,161
7,stem cells,148
8,rna,146
9,immunotherapy,135
10,polynucleotides,129
11,fermentation,124
12,antigen,121
13,polypeptides,119
14,microfluidic,116
15,sequencing,113
16,vaccine,110
17,antibodies,108
18,tumor immune,104
19,immunotherapeutic,102
20,peptide epitopes,102
21,use immunotherapeutic,101
22,relates immunotherapy,100
23,immunotherapeutic particular,100
24,immunotherapy cancer,100
25,cell culture,99
26,peptide,98
27,target nucleic,95
28,mhc peptides,93
29,cell peptide,92
30,polynucleotide,90
31,soybean plants,87
32,cancer,85
33,gene,83
34,producing soybean,80
35,oligonucleotides,80
36,pharmaceutical,79
37,relates soybean,78
38,vaccines,78
39,chimeric antigen,75
