,keyword,count
0,biomass,13
1,fermentation,8
2,cellulose,7
3,lignocellulosic biomass,6
4,lignocellulosic material,5
5,sugar,4
6,biomass solution,3
7,sweetener includes,3
8,sweetener,3
9,lignocellulosic,3
10,hydrolysis,3
11,producing sugar,3
12,sugar stream,3
13,processing lignocellulosic,3
14,cellulosic,2
15,preparing sugar,2
16,pretreated biomass,2
17,protein,2
18,ionic,2
19,generate cellulose,2
20,following steps,2
21,process,2
22,preparation,2
23,process preparation,2
24,product lignocellulosic,2
25,fermentation product,2
26,preparation fermentation,2
27,tablet,2
28,includes effervescent,2
29,effervescent agent,2
30,effervescent,2
31,disclosed effervescent,2
32,effervescent tablet,2
33,biomass slurry,2
34,fermentable sugar,2
35,cellulose material,2
36,lignocellulosic feedstock,2
37,cellulose pulp,2
38,aqueous,2
39,lignin,2
