,keyword,count
0,steel sheet,151
1,steel,140
2,electrical steel,46
3,alloy,36
4,stainless steel,32
5,stainless,31
6,balance fe,30
7,strength steel,29
8,furnace,28
9,rolled steel,25
10,steel plate,24
11,austenite,24
12,heat treatment,21
13,heating,21
14,sheet,20
15,tempered martensite,20
16,steel pipe,19
17,tensile strength,18
18,retained austenite,17
19,welding,16
20,surface steel,16
21,hardness,15
22,fe impurities,15
23,sheet steel,15
24,coated steel,15
25,oriented electrical,14
26,galvanized steel,14
27,steel strip,13
28,composition steel,12
29,impurities steel,12
30,manufacturing steel,12
31,cooling,11
32,steel comprises,11
33,magnet,11
34,sheet tensile,11
35,yield strength,11
36,magnetic,10
37,alloys,10
38,steel sheets,10
39,crystal grain,10
