,keyword,count
0,alloy,225
1,steel sheet,152
2,steel,151
3,aluminum alloy,68
4,aluminum,61
5,magnetic,47
6,additive manufacturing,46
7,electrical steel,46
8,magnet,39
9,alloys,39
10,stainless,39
11,titanium,39
12,stainless steel,38
13,balance fe,33
14,manufacturing,33
15,coating,32
16,based alloy,30
17,strength steel,29
18,copper,27
19,steel plate,25
20,alloy composition,25
21,rolled steel,25
22,copper alloy,25
23,alloy powder,25
24,austenite,24
25,welding,24
26,soft magnetic,24
27,sheet,23
28,additive,22
29,tempered martensite,21
30,magnesium,20
31,carbide,20
32,tensile strength,20
33,corrosion,20
34,cemented carbide,19
35,composite,19
36,permanent magnet,18
37,hardness,18
38,composite material,18
39,coated steel,18
