,keyword,count
0,substrate,317
1,coating,226
2,steel sheet,105
3,semiconductor,99
4,vapor deposition,83
5,plasma,82
6,deposition,80
7,processing,72
8,substrate processing,71
9,corrosion,70
10,sputtering,63
11,layer deposition,59
12,mask,57
13,manufacturing,51
14,thin film,51
15,surface substrate,51
16,process,48
17,steel,48
18,etching,47
19,film substrate,44
20,coating layer,43
21,plasma processing,43
22,electrode,39
23,coated,37
24,cutting tool,37
25,substrates,37
26,silicon,37
27,processing chamber,36
28,coated cutting,35
29,film forming,35
30,processing substrate,34
31,process chamber,32
32,semiconductor substrate,31
33,graphene,30
34,alloy,30
35,sputtering target,29
36,corrosion inhibitor,28
37,deposition mask,27
38,substrate coating,26
39,surface,26
