,keyword,count
0,electrochemical,63
1,electrode,55
2,electrolysis,50
3,electroplating,42
4,substrate,42
5,plating,35
6,electrolytic,31
7,coating,25
8,electrodes,24
9,steel sheet,23
10,electrolyte,22
11,catalyst,22
12,electrochemical cell,21
13,carbon dioxide,19
14,copper foil,18
15,electrodeposition,16
16,semiconductor,16
17,electrolysis cell,16
18,foil,15
19,hydrogen,15
20,anode cathode,14
21,anode,14
22,plating solution,14
23,water electrolysis,14
24,electrochemically,13
25,electrolytic cell,13
26,corrosion,13
27,manufacturing,12
28,substrate holder,12
29,electrochemical cells,12
30,fuel cell,11
31,carbon,11
32,composite,10
33,exchange membrane,10
34,membrane,10
35,metal layer,10
36,electrolytic copper,10
37,alloy layer,9
38,surface,9
39,sheet,9
