,keyword,count
0,substrate,43
1,semiconductor,37
2,silicon,33
3,single crystal,20
4,silicon carbide,20
5,nitride,18
6,sic,16
7,carbide,15
8,diamond,14
9,crystal growth,14
10,iii nitride,13
11,semiconductor substrate,13
12,crystal silicon,13
13,gan,11
14,nitride semiconductor,11
15,crystal,11
16,silicon wafer,10
17,manufacturing,10
18,silicon ingot,10
19,aluminum nitride,10
20,wafer,9
21,epitaxial,9
22,growth,9
23,epitaxial layer,9
24,epitaxial growth,8
25,nanocrystals,8
26,sic substrate,8
27,ingot,8
28,gallium nitride,8
29,cvd,7
30,crystal substrate,7
31,silicon melt,7
32,crystals,6
33,sic single,6
34,nitride layer,6
35,monocrystalline,6
36,surface substrate,6
37,substrate includes,6
38,gallium,6
39,silicon ingots,6
