,keyword,count
0,nucleic,29
1,nucleic acid,25
2,sequencing,18
3,nucleic acids,16
4,antibody,12
5,cell,11
6,biological sample,11
7,assay capable,11
8,assays invention,11
9,assays,11
10,assays assay,11
11,provides assay,11
12,provides assays,11
13,assay system,11
14,biological assays,11
15,assay systems,11
16,polynucleotides,9
17,cells,9
18,antibodies,9
19,cell editing,7
20,rna,7
21,dna fragments,6
22,generation sequencing,6
23,polynucleotide,6
24,peptides,6
25,polypeptides,5
26,editing instruments,5
27,multiple edits,5
28,one cells,5
29,module cell,5
30,edits nucleic,5
31,oligonucleotides,5
32,barcode,5
33,libraries antibody,4
34,oligonucleotide,4
35,identifying protein,4
36,biomolecules,4
37,ligands,4
38,sequencing library,4
39,antigen,4
