,keyword,count
0,fibers,53
1,fiber,38
2,yarn,30
3,electrospinning,28
4,nanofibers,23
5,cellulose,21
6,fabric,15
7,nanofiber,15
8,filaments,15
9,polymer,14
10,textile,13
11,polyester,12
12,carbon,11
13,carbon fibers,11
14,nonwoven fabric,10
15,filament,10
16,membrane,9
17,flame retardant,9
18,textile machine,9
19,nonwoven,8
20,graphene,8
21,hollow fiber,8
22,carbon fiber,8
23,polyethylene,8
24,modified polyester,8
25,thermoplastic,7
26,fibrous,7
27,yarn comprising,7
28,polyester fiber,7
29,yarns,7
30,fabrics,6
31,polyurethane,6
32,composite,6
33,scaffold,6
34,carbon nanotube,6
35,fibrous elements,6
36,resin,6
37,carbon nanotubes,6
38,elastomeric laminates,6
39,carbon material,6
