,keyword,count
0,fabric,56
1,fibers,54
2,knitting,33
3,yarn,30
4,nonwoven fabric,29
5,textile,27
6,knit,25
7,knitted,22
8,knitted fabric,20
9,nonwoven,18
10,sheet,17
11,knitting machine,17
12,fiber,17
13,footwear,13
14,fibrous,13
15,filaments,12
16,knitted component,12
17,article footwear,12
18,electrospinning,11
19,garment,11
20,nanofiber,10
21,non woven,10
22,sheet manufacturing,10
23,nanofibers,10
24,shoe,9
25,yarns,9
26,absorbent,9
27,braiding,9
28,composite,9
29,woven,8
30,stitch,7
31,scaffold,7
32,cellulose,7
33,fibrous web,7
34,material,7
35,garment includes,7
36,absorbent articles,7
37,laminates,7
38,elastomeric laminates,7
39,fabrics,6
