,keyword,count
0,sewing,46
1,sewing machine,44
2,embroidery,11
3,yarns,10
4,stitching,8
5,quilting,7
6,quilting machine,7
7,tufting,7
8,tufting machine,7
9,textile,7
10,machine,6
11,fabric,6
12,features use,5
13,use machine,5
14,systems features,5
15,machine sewing,5
16,machine facilitate,5
17,embroidery frame,5
18,stitch,5
19,loops yarns,5
20,yarns needles,5
21,features,4
22,needle,4
23,includes sewing,4
24,sewing needle,4
25,automation sewing,4
26,sewing robots,4
27,textile product,4
28,sewing process,4
29,textile machine,4
30,sewing object,4
31,needle thread,4
32,footwear,4
33,article footwear,4
34,embroidery data,3
35,sewing material,3
36,strap second,3
37,strap woven,3
38,length strap,3
39,strap includes,3
