,keyword,count
0,washing machine,182
1,laundry,147
2,washing,111
3,laundry treating,63
4,appliance,61
5,textile,47
6,dryer,40
7,fabric,38
8,laundry treatment,35
9,laundry washing,27
10,treating appliance,26
11,appliance includes,25
12,fibers,24
13,ink,24
14,laundry appliance,19
15,drying,18
16,detergent,18
17,treating,17
18,clothes,16
19,machine washing,15
20,clothes dryer,15
21,inkjet,15
22,tub,15
23,dispenser,15
24,machine appliance,15
25,washing tub,15
26,dyeing,14
27,garment,14
28,disclosed laundry,13
29,disclosed,13
30,drum washing,13
31,yarn,13
32,controlling washing,13
33,dryer appliance,13
34,printing,12
35,software lasers,12
36,fiber,12
37,household appliance,12
38,washing water,12
39,lasers used,11
