,keyword,count
0,belt,9
1,elevator system,7
2,elevator,6
3,rope,6
4,cable,6
5,steel cord,4
6,belt includes,3
7,belt suspending,3
8,belt elevator,3
9,wire plurality,3
10,elevator car,3
11,wire,3
12,strands,3
13,wire cable,3
14,parallel wire,3
15,wire rope,3
16,along belt,2
17,forming belt,2
18,belt structure,2
19,composite belt,2
20,includes belt,2
21,tire,2
22,sheath filaments,2
23,rubber article,2
24,cord reinforcing,2
25,sheath strands,2
26,reinforcing rubber,2
27,rubber,2
28,belt plurality,2
29,wire plating,2
30,steel wire,2
31,belt jacket,2
32,car elevator,2
33,length belt,2
34,connected elevator,2
35,hoistway belt,2
36,hoistway elevator,2
37,stranding,2
38,hoisting,2
39,braided,2
