,keyword,count
0,fabric,52
1,yarn,52
2,textile,43
3,fibers,31
4,knitting,23
5,yarns,23
6,knit,23
7,woven,20
8,knitted,20
9,knitted fabric,19
10,fiber,19
11,footwear,16
12,warp yarns,15
13,article footwear,14
14,woven fabric,13
15,composite,12
16,knitted component,12
17,knitting machine,12
18,polymer,11
19,filaments,10
20,electrospinning,10
21,garment,10
22,nonwoven fabric,10
23,shoe,9
24,nanofiber,9
25,nanofibers,9
26,fabrics,8
27,weft yarns,8
28,woven textile,8
29,yarn comprising,8
30,scaffold,8
31,apparel,7
32,software lasers,7
33,designs apparel,7
34,weaving,7
35,fabricating,7
36,artificial turf,7
37,conductive yarns,6
38,mesh,6
39,airbag,6
