,keyword,count
0,cellulose,65
1,paper,49
2,tissue products,20
3,pulp,18
4,tissue,17
5,sheet,16
6,fibrous structures,16
7,cellulosic,15
8,fibers,15
9,fibrous,15
10,lignin,14
11,papermaking,14
12,microfibrillated cellulose,14
13,sheet manufacturing,13
14,fiber,12
15,fabric,12
16,coating,11
17,fibrous web,10
18,pulp fiber,10
19,biomass,10
20,paper board,10
21,tissue paper,8
22,manufacturing,8
23,substrate,8
24,polymer,8
25,cellulose fibers,8
26,tissue product,8
27,cellulose nanofibers,8
28,compositions,8
29,pulp fibers,8
30,nanofibers,7
31,process,7
32,ink,7
33,cellulosic fibers,7
34,refining,7
35,sanitary tissue,7
36,filaments,6
37,making paper,6
38,fibrous elements,6
39,cellulose mfc,6
