,keyword,count
0,asphalt,28
1,barrier,24
2,milling,24
3,milling machine,23
4,paving,18
5,rail,16
6,pavement,14
7,turf,13
8,road milling,13
9,paving machine,12
10,artificial turf,11
11,construction machine,10
12,bollard,10
13,snow,9
14,conveyor,9
15,assembly,9
16,safety,9
17,paver,9
18,structure,8
19,concrete,8
20,self propelled,7
21,modular,7
22,surface,7
23,milling drum,7
24,marker,7
25,rotor,7
26,machine frame,6
27,asphalt mixture,6
28,bridge,6
29,snow removal,6
30,heating,6
31,sensor,6
32,structural,6
33,blower,6
34,fastening,6
35,tie plate,6
36,cleaning,5
37,screed assembly,5
38,control system,5
39,synthetic turf,5
