,keyword,count
0,hydraulic,93
1,hydraulic system,39
2,hydraulic actuator,37
3,work vehicle,34
4,actuator,34
5,excavator,28
6,work machine,25
7,hydraulic pump,24
8,control system,24
9,shovel,20
10,control valve,20
11,control,19
12,construction machine,19
13,includes hydraulic,18
14,foundation,18
15,vehicle,17
16,hydraulic circuit,16
17,excavation,16
18,hydraulic excavator,16
19,shovel includes,15
20,construction,15
21,pile,14
22,concrete,14
23,wind turbine,14
24,monitoring,14
25,sensor,14
26,controller,14
27,control unit,13
28,mining,13
29,flow,12
30,second hydraulic,12
31,hydraulic drive,12
32,assembly,12
33,actuator second,11
34,hydraulic oil,11
35,hydraulic fluid,11
36,pressure hydraulic,11
37,mining machine,11
38,manhole,11
39,hydraulic actuators,10
