,keyword,count
0,toilet,54
1,faucet,45
2,drain,36
3,flow,26
4,valve,25
5,flush,25
6,shower,25
7,toilet includes,22
8,plumbing,20
9,flush toilet,19
10,pipe,19
11,valve assembly,17
12,sink,17
13,toilet bowl,17
14,water supply,16
15,inlet,15
16,faucet includes,14
17,drainage,14
18,cleaning,13
19,water inlet,13
20,sensor,13
21,flush valve,13
22,shower head,12
23,water flow,11
24,plumbing fixture,11
25,toilet seat,11
26,water outlet,10
27,sanitary,10
28,flushing,10
29,water system,10
30,includes toilet,10
31,fluid communication,10
32,faucet body,9
33,bathtub,9
34,hydrant,9
35,dispensing,9
36,disposal,8
37,valves,8
38,showerhead,8
39,assembly includes,8
