,keyword,count
0,panels,80
1,pool,70
2,panel,66
3,structure,51
4,modular,49
5,building,47
6,concrete,44
7,structural,40
8,roof,39
9,construction,38
10,covering,34
11,assembly,34
12,floor panels,34
13,tile,33
14,swimming pool,32
15,fence,32
16,support structure,31
17,barrier,30
18,floor panel,30
19,roofing,30
20,tent,27
21,anchor,25
22,wall panel,25
23,tiles,23
24,canopy,22
25,shelter,21
26,wall,20
27,locking,20
28,adhesive,19
29,insulation,19
30,anchoring,18
31,mounting,18
32,fastener,18
33,wall system,17
34,lighting,17
35,foam,17
36,wind turbine,16
37,sealing,16
38,siding,16
39,coating,16
