,keyword,count
0,hinge,139
1,locking,136
2,door,114
3,latch,111
4,lock,90
5,vehicle door,88
6,vehicle,67
7,door lock,61
8,motor vehicle,40
9,door latch,37
10,door handle,35
11,hinge assembly,34
12,security,33
13,latch assembly,31
14,door assembly,30
15,actuator,29
16,sliding door,28
17,lock includes,28
18,latching,27
19,refrigerator,27
20,sliding,26
21,assembly,26
22,lock system,26
23,door hinge,25
24,hinge includes,25
25,door opening,25
26,window,24
27,door vehicle,24
28,door frame,23
29,sensor,23
30,damper,23
31,securing,22
32,position door,21
33,door system,21
34,tailgate,21
35,second hinge,20
36,door door,19
37,detection,19
38,appliance,18
39,barrier,18
