,keyword,count
0,ladder,39
1,glass,32
2,window,27
3,panel,26
4,electrochromic,25
5,door frame,24
6,door assembly,23
7,door,23
8,frame,22
9,sliding door,19
10,gate,19
11,glass panel,18
12,assembly,18
13,barrier,17
14,optical,17
15,roller,16
16,door panel,15
17,glazing,15
18,smart window,13
19,shade,12
20,covering,12
21,liquid crystal,12
22,door system,12
23,photovoltaic,12
24,curtain,12
25,sealing,12
26,window assembly,11
27,covering architectural,11
28,sliding,11
29,panel unit,11
30,roller shade,11
31,glazing unit,11
32,glass substrate,10
33,insulating glass,10
34,modular,10
35,frame assembly,10
36,electrochromic windows,10
37,enclosure,10
38,coating,9
39,transparent,9
