,keyword,count
0,drilling,289
1,downhole,187
2,downhole tool,135
3,fracturing,111
4,flow,99
5,subterranean formation,92
6,hydraulic fracturing,86
7,wellbore,86
8,tubular,79
9,drilling fluid,78
10,valve,72
11,drill,70
12,subterranean,68
13,hydraulic,68
14,tool,67
15,drill bit,61
16,tubing,57
17,pipe,55
18,fracturing fluid,55
19,drilling system,53
20,fluid flow,48
21,drill string,45
22,sealing,42
23,drilling operation,41
24,casing,41
25,sensor,40
26,flow control,38
27,wellbore includes,37
28,drilling operations,35
29,drilling wellbore,35
30,monitoring,35
31,fluid wellbore,32
32,borehole,31
33,pump,31
34,perforating gun,30
35,drilling rig,29
36,submersible pump,29
37,rotary,29
38,cement,29
39,logging,28
