,keyword,count
0,turbine,808
1,gas turbine,689
2,turbine engine,578
3,exhaust,243
4,exhaust gas,241
5,cooling,192
6,combustion engine,188
7,internal combustion,155
8,airfoil,152
9,compressor,135
10,engine,121
11,catalyst,111
12,exhaust system,103
13,vane,102
14,turbocharger,101
15,valve,96
16,combustion,93
17,rotor,91
18,heat exchanger,89
19,cooling system,88
20,turbomachine,86
21,turbine blade,86
22,engine includes,84
23,inlet,77
24,catalytic,76
25,blade,71
26,camshaft,69
27,includes turbine,67
28,turbine section,65
29,seal,64
30,bearing,60
31,seal assembly,59
32,rotary,58
33,flow,57
34,airfoil includes,55
35,engine system,53
36,assembly,53
37,steam turbine,53
38,sealing,51
39,combustion chamber,50
