,keyword,count
0,gas turbine,547
1,turbine,494
2,turbine engine,418
3,combustion engine,386
4,internal combustion,305
5,combustion,258
6,combustion chamber,197
7,fuel injection,173
8,engine,163
9,turbocharger,138
10,fuel injector,135
11,compressor,123
12,exhaust gas,121
13,exhaust,120
14,valve,116
15,cooling,112
16,heat exchanger,109
17,engine system,100
18,inlet,100
19,engine includes,91
20,engine control,91
21,control,86
22,generator,84
23,combustor,77
24,control system,73
25,piston,68
26,intake,66
27,fuel tank,65
28,ignition,65
29,control unit,61
30,fuel pump,61
31,injector,60
32,fuel supply,58
33,turbine section,57
34,crankshaft,56
35,flow,55
36,cooling system,51
37,intake manifold,49
38,exhaust system,49
39,filter,48
