,keyword,count
0,wind turbine,395
1,turbine,285
2,generator,98
3,turbine blade,71
4,wind,57
5,rotor,56
6,actuator,47
7,rotor blade,46
8,power generation,44
9,wind turbines,43
10,wind power,39
11,turbine rotor,34
12,turbines,33
13,hydraulic,32
14,controlling wind,30
15,power generator,28
16,energy storage,27
17,turbine includes,24
18,energy,23
19,turbine comprising,23
20,wind farm,22
21,turbine generator,20
22,operating wind,20
23,blade wind,19
24,blade,19
25,turbine system,18
26,wave energy,18
27,turbine wind,16
28,wind energy,15
29,shape memory,15
30,axis wind,15
31,optical,15
32,turbine blades,14
33,geothermal,14
34,generation system,14
35,bearing,14
36,monitoring,13
37,electrical energy,13
38,solar,13
39,energy conversion,12
