,keyword,count
0,compressor,449
1,pump,239
2,compressor includes,145
3,turbine,138
4,gas turbine,124
5,turbine engine,118
6,pump includes,108
7,fan,102
8,hydraulic,88
9,impeller,85
10,compression,79
11,scroll compressor,74
12,centrifugal,69
13,flow,67
14,cooling,67
15,inlet,66
16,motor,61
17,scroll,60
18,valve,58
19,includes pump,56
20,blower,56
21,bearing,55
22,rotary,54
23,rotor,51
24,pump housing,50
25,pump assembly,48
26,pump system,46
27,fan includes,46
28,centrifugal compressor,43
29,vacuum pump,42
30,fluid pump,40
31,air compressor,39
32,pumps,38
33,axial,37
34,piston,35
35,orbiting scroll,35
36,turbocharger,35
37,fan assembly,34
38,vane,33
39,includes compressor,33
