,keyword,count
0,turbine,1071
1,gas turbine,809
2,turbine engine,656
3,wind turbine,348
4,compressor,166
5,airfoil,152
6,turbine blade,139
7,rotor,137
8,cooling,112
9,turbocharger,100
10,generator,99
11,vane,97
12,turbomachine,96
13,engine,88
14,blade,82
15,turbine section,79
16,rotor blade,78
17,engine includes,76
18,combustor,72
19,turbine includes,69
20,includes turbine,66
21,inlet,66
22,bearing,63
23,turbine rotor,60
24,assembly,59
25,seal,59
26,heat exchanger,58
27,impeller,56
28,seal assembly,56
29,combustion chamber,56
30,fan,55
31,airfoil includes,55
32,combustion,52
33,wind,52
34,axial,50
35,turbine system,49
36,engine component,47
37,sealing,47
38,turbine housing,46
39,flow,45
