,keyword,count
0,hydraulic,207
1,actuator,98
2,hydraulic system,71
3,hydraulic actuator,62
4,valve,54
5,flow,53
6,control valve,48
7,hydraulic fluid,36
8,hydraulic pump,35
9,includes hydraulic,29
10,fluid flow,27
11,piston,27
12,pneumatic,26
13,hydraulic circuit,26
14,hydraulic cylinder,23
15,hydraulic drive,23
16,actuator includes,23
17,flow control,23
18,fluid communication,21
19,hydraulic control,20
20,flow hydraulic,20
21,inlet,18
22,control valves,17
23,hydraulic oil,16
24,actuators,16
25,valve assembly,16
26,second hydraulic,15
27,control system,15
28,servo,14
29,actuator second,14
30,pressure control,14
31,solenoid valve,13
32,fluid hydraulic,13
33,pressure hydraulic,13
34,accumulator,13
35,control,13
36,hydraulic machine,13
37,valve control,13
38,piston rod,13
39,system hydraulic,12
