,keyword,count
0,valve,631
1,bearing,458
2,transmission,363
3,actuator,316
4,clutch,197
5,sealing,178
6,valve body,177
7,assembly,176
8,coupling,175
9,fastener,173
10,pipe,164
11,damper,157
12,brake,157
13,flow,156
14,hydraulic,155
15,planetary gear,152
16,control valve,143
17,valve seat,139
18,shaft,135
19,damping,131
20,turbine,131
21,valve assembly,129
22,valve includes,121
23,mounting,119
24,torque,115
25,locking,112
26,sensor,108
27,rotary,103
28,motor,102
29,control,102
30,gas turbine,98
31,connector,96
32,seal,96
33,turbine engine,95
34,vehicle,94
35,gears,94
36,fastening,92
37,steering,92
38,gear,88
39,includes valve,87
