,keyword,count
0,pressure vessel,30
1,pipeline,23
2,valve,20
3,pressure,19
4,tank,16
5,gas storage,15
6,cryogenic,15
7,high pressure,15
8,vessel,14
9,gas,13
10,natural gas,12
11,refueling,12
12,pipe,11
13,tank includes,11
14,hydrogen,11
15,pressure gas,10
16,pressure tank,10
17,fluid communication,10
18,storage tank,10
19,flow,10
20,storage,10
21,pipeline system,10
22,hydrogen storage,9
23,pressurized gas,9
24,liquefied,8
25,gas flow,7
26,controlling flow,7
27,cryogenic fluid,7
28,heat transfer,7
29,valve assembly,7
30,fluid storage,7
31,safety valve,7
32,heat exchanger,6
33,cryogenic liquid,6
34,gas filling,6
35,container,6
36,liquefied gas,6
37,defines pipe,6
38,pipe segment,6
39,fuel tank,6
