,keyword,count
0,lighting,591
1,light source,472
2,light emitting,316
3,light,300
4,led,263
5,lamp,234
6,illumination,232
7,optical,161
8,lighting system,127
9,led light,120
10,light sources,118
11,light guide,108
12,fixture,102
13,leds,101
14,light fixture,98
15,lighting includes,94
16,includes light,92
17,emitting,90
18,luminaire,85
19,surface light,83
20,plurality light,81
21,lighting fixture,70
22,led lighting,67
23,light light,66
24,lamp includes,63
25,reflector,62
26,housing light,62
27,headlight,59
28,emit light,58
29,second light,58
30,light module,56
31,lighting module,56
32,lens,54
33,diode led,50
34,led lamp,48
35,light emitted,47
36,lighting assembly,46
37,led module,46
38,vehicle lamp,45
39,light output,44
