,keyword,count
0,boiler,33
1,steam generator,26
2,heat exchanger,17
3,heating,12
4,heat transfer,10
5,gas turbine,8
6,steam turbine,8
7,heat recovery,8
8,evaporator,7
9,power generation,7
10,turbine,6
11,steam outlet,6
12,water steam,6
13,generator,6
14,aerosol,6
15,boiler system,5
16,superheated steam,5
17,power plant,5
18,aerosol generating,5
19,heat exchange,5
20,steam boiler,4
21,generation system,4
22,tubes,4
23,flue gas,4
24,generating steam,4
25,steam generating,4
26,boilers,4
27,tube,4
28,temperature steam,3
29,battery assembly,3
30,electronic,3
31,cigarette,3
32,cigarette includes,3
33,electronic cigarette,3
34,flexible,3
35,steam generators,3
36,energy storage,3
37,heat,3
38,hrsg,3
39,generator hrsg,3
