,keyword,count
0,combustion,142
1,gas turbine,139
2,combustor,132
3,combustion chamber,117
4,burner,80
5,turbine engine,69
6,turbine,64
7,fuel injector,41
8,combustor gas,37
9,fuel nozzle,32
10,combustor includes,31
11,gas burner,26
12,flame,22
13,furnace,21
14,cooling,20
15,combustion gas,19
16,fuel flow,19
17,fuel injection,18
18,boiler,17
19,heat shield,17
20,heat exchanger,16
21,fuel combustion,16
22,combustor assembly,15
23,turbine combustor,15
24,injector,15
25,heater,15
26,nozzle,15
27,includes combustion,15
28,combustion system,14
29,fuel air,13
30,flow fuel,13
31,engine component,13
32,combustion air,13
33,flow,13
34,heat,13
35,combustor liner,12
36,heating,11
37,burner assembly,11
38,burners,11
39,vehicle heater,11
