,keyword,count
0,heat exchanger,216
1,hvac,205
2,air conditioning,196
3,hvac system,137
4,air conditioner,131
5,cooking,101
6,heating,100
7,solar,99
8,conditioning hvac,87
9,appliance,77
10,cooling,67
11,heat exchange,56
12,ventilation,54
13,heater,54
14,cooking appliance,54
15,heat transfer,51
16,control system,49
17,thermal,48
18,heat pump,47
19,photovoltaic,46
20,heating system,43
21,oven,43
22,water heater,43
23,cooling system,42
24,sensor,42
25,air inlet,41
26,indoor unit,39
27,heat,38
28,solar panel,37
29,cooking chamber,36
30,burner,35
31,thermostat,33
32,appliance includes,32
33,compressor,32
34,air flow,31
35,solar energy,31
36,temperature sensor,31
37,heating ventilation,30
38,heating cooling,29
39,refrigerant circuit,29
