,keyword,count
0,refrigerator,272
1,heat exchanger,246
2,compressor,152
3,cooling,131
4,refrigerator includes,118
5,refrigeration,111
6,air conditioning,98
7,refrigerant,94
8,heat pump,73
9,refrigeration system,72
10,evaporator,71
11,appliance,63
12,ice,52
13,air conditioner,50
14,refrigerant circuit,47
15,heat exchange,47
16,cooling system,47
17,cabinet,47
18,hvac,46
19,ice maker,43
20,thermal,40
21,hvac system,38
22,refrigeration cycle,37
23,heat transfer,37
24,includes cabinet,32
25,temperature control,30
26,refrigeration appliance,30
27,compressor includes,29
28,cryogenic,28
29,heat refrigerant,27
30,ice making,27
31,pump system,27
32,heat,27
33,includes refrigerant,27
34,temperature,26
35,thermoelectric,26
36,condenser,26
37,refrigerant flow,25
38,storage,25
39,refrigerator including,24
