,keyword,count
0,drying,81
1,dryer,39
2,drying system,18
3,drying chamber,12
4,drying process,10
5,heating,10
6,substrate,9
7,drying includes,7
8,conveyor,7
9,drying drying,6
10,heat exchanger,6
11,freeze drying,6
12,drying gas,6
13,system drying,6
14,air drying,5
15,spray drying,5
16,dryer includes,5
17,lyophilizing,5
18,includes drying,4
19,within drying,4
20,dewatering,4
21,drying liquid,4
22,inlet,4
23,air inlet,4
24,surface substrate,4
25,ultraviolet,4
26,drying wet,4
27,blood plasma,4
28,materials described,4
29,blood component,4
30,embodiments materials,4
31,transfusing,4
32,storing transfusing,4
33,lyophilizing storing,4
34,transfusing materials,4
35,apparatuses lyophilizing,4
36,processing,4
37,conveyor belt,4
38,honeycomb,4
39,substrate processing,3
