,keyword,count
0,furnace,54
1,heating,17
2,molten metal,9
3,heat treatment,8
4,oven,7
5,arc furnace,7
6,burner,7
7,kiln,6
8,cooling,6
9,furnace comprising,6
10,refractory,6
11,furnace includes,6
12,thermal,5
13,ceramic,5
14,coke oven,5
15,retain molten,5
16,vessel molten,5
17,transferring molten,5
18,heat,4
19,molten,4
20,metallurgical furnace,4
21,electric furnace,4
22,conveyor,4
23,comprising furnace,4
24,heating furnace,4
25,melting furnace,4
26,transfer,4
27,inside transfer,4
28,moves molten,4
29,transfer chamber,4
30,systems transferring,4
31,metal transfer,4
32,substrate,4
33,cement,4
34,pyrolysis,3
35,slag,3
36,furnace chamber,3
37,furnace capable,3
38,plasma,3
39,comprises furnace,3
