,keyword,count
0,heat exchanger,427
1,cooling,155
2,heat,147
3,heat transfer,135
4,heat exchange,122
5,thermal,106
6,exchanger,77
7,evaporator,59
8,heat pipe,51
9,cooling system,49
10,heat sink,41
11,energy storage,38
12,heat dissipation,35
13,exchanger includes,34
14,flow,32
15,heating,31
16,dissipation,28
17,heat exchangers,27
18,includes heat,24
19,inlet,24
20,thermally conductive,24
21,condenser,24
22,plurality heat,24
23,heat storage,22
24,thermally,21
25,heat source,21
26,thermal management,21
27,air conditioning,20
28,thermal energy,20
29,cooling fluid,20
30,vapor chamber,19
31,flows,19
32,pipe,19
33,plate heat,19
34,exchanger heat,18
35,radiator,18
36,fluid heat,17
37,flow heat,17
38,refrigerant,17
39,tube heat,17
