,keyword,count
0,firearm,192
1,archery,41
2,projectile,38
3,bow,32
4,sight,32
5,archery bow,30
6,firearm includes,30
7,holster,29
8,crossbow,28
9,suppressor,25
10,trigger,23
11,ammunition,21
12,magazine,21
13,rifle,20
14,laser,20
15,ballistic,20
16,recoil,20
17,locking,18
18,gun,17
19,bolt carrier,17
20,firearm magazine,16
21,handgun,16
22,firearms,16
23,accessory,15
24,shooting,14
25,detection,14
26,muzzle,13
27,assembly firearm,13
28,implementable firearm,12
29,barrel,12
30,firearm accessory,12
31,camouflage,12
32,barrel firearm,12
33,attachment,12
34,optical,12
35,receiver,11
36,firearm barrel,11
37,firearm comprising,11
38,receiver firearm,11
39,bowstring,11
