,keyword,count
0,ammunition,68
1,projectile,61
2,cartridge,34
3,ammunition cartridge,28
4,explosive,27
5,firearm,17
6,polymeric ammunition,15
7,arrow,13
8,perforating gun,13
9,arrow shaft,12
10,primer insert,12
11,polymer,11
12,shaped charge,10
13,detonator,10
14,primer,9
15,bullet,9
16,polymer ammunition,9
17,archery,8
18,polymeric,8
19,propellant insert,7
20,chamber propellant,7
21,subsonic,7
22,propellant chamber,7
23,subsonic ammunition,7
24,neck projectile,7
25,projectile includes,7
26,generator,7
27,projectile body,7
28,invention provides,7
29,dispenser,7
30,projectiles,6
31,embodiments,6
32,projectile aperture,6
33,ammunition cartridges,6
34,dart,6
35,within propellant,6
36,communication propellant,6
37,propellant projectile,6
38,provides subsonic,6
39,cylindrical neck,6
