,keyword,count
0,sensor,1814
1,detection,888
2,optical,812
3,imaging,703
4,sensing,694
5,detector,497
6,monitoring,463
7,radar,422
8,sensors,384
9,detecting,373
10,measuring,362
11,inspection,318
12,testing,295
13,electrode,276
14,magnetic resonance,259
15,calibration,252
16,sensor includes,250
17,semiconductor,245
18,lidar,237
19,tracking,227
20,substrate,224
21,probe,218
22,imaging system,214
23,vehicle,212
24,ultrasonic,202
25,flow,200
26,processing,197
27,pressure sensor,193
28,laser,190
29,measurement,187
30,transducer,187
31,detection system,184
32,monitoring system,181
33,signal,180
34,analyte,178
35,map,175
36,antibody,174
37,sensor data,173
38,microfluidic,172
39,antenna,171
