,keyword,count
0,optical,2259
1,display,1089
2,lens,831
3,display panel,823
4,substrate,629
5,liquid crystal,535
6,imaging,412
7,optical fiber,411
8,light source,390
9,crystal display,356
10,third lens,342
11,backlight,330
12,optical system,311
13,illumination,308
14,panel,286
15,display includes,283
16,light guide,271
17,includes display,249
18,second lens,249
19,laser,241
20,fourth lens,241
21,waveguide,238
22,light emitting,232
23,electrode,230
24,camera,227
25,augmented reality,212
26,fiber optic,206
27,lens assembly,198
28,substrate includes,196
29,lenses,195
30,second optical,194
31,substrate display,194
32,optical element,190
33,panel display,183
34,liquid,180
35,pixel electrode,179
36,array substrate,178
37,fiber,173
38,sixth lens,171
39,provided display,170
