,keyword,count
0,image forming,608
1,optical,386
2,camera,290
3,forming,249
4,image,246
5,lens,235
6,substrate,226
7,imaging,225
8,projection,224
9,toner,201
10,lithography,162
11,light source,148
12,projector,129
13,illumination,124
14,camera module,111
15,processing,111
16,optical system,106
17,cartridge,104
18,image sensor,98
19,detection,97
20,lithographic,87
21,photosensitive,87
22,electrophotographic,87
23,holographic,86
24,photosensitive drum,84
25,image formed,83
26,heater,78
27,resin,77
28,toner image,76
29,cartridge includes,72
30,module,65
31,exposure,64
32,optical element,64
33,printing,63
34,patterning,62
35,heating,61
36,sheet,61
37,sensor,60
38,semiconductor,59
39,hologram,59
