,keyword,count
0,timepiece,67
1,electronic,39
2,wearable,27
3,clock signal,20
4,clock,17
5,wearable electronic,17
6,electronic timepiece,17
7,digital converter,16
8,timepiece includes,15
9,electronic includes,14
10,antenna,14
11,oscillator,13
12,time digital,13
13,wristwatch,13
14,display,13
15,sensor,12
16,timepiece movement,11
17,synchronization,10
18,watch,9
19,user interface,9
20,bracelet,9
21,electrically,9
22,time synchronization,8
23,smartwatch,8
24,wrist,7
25,timepiece including,7
26,present disclosure,7
27,portable,7
28,electrode,7
29,disclosure,6
30,time information,6
31,sensing,6
32,movement,6
33,electronic watch,6
34,signal delay,6
35,measuring,6
36,watch case,6
37,digital,5
38,provided electronic,5
39,attachment,5
