,keyword,count
0,autonomous,321
1,autonomous vehicle,320
2,control system,290
3,robot,270
4,control,250
5,vehicle,233
6,monitoring,200
7,vehicle control,192
8,sensor,189
9,robotic,150
10,controller,140
11,control unit,138
12,autonomous driving,128
13,detection,125
14,processing,123
15,unmanned aerial,119
16,automation,119
17,sensor data,117
18,vehicle based,101
19,uav,101
20,aerial vehicle,99
21,unmanned,98
22,regulator,98
23,hvac,97
24,machine learning,91
25,machining,81
26,controlling,78
27,additive manufacturing,77
28,vehicle autonomous,76
29,manufacturing,75
30,vehicle uav,74
31,user interface,73
32,sensors,73
33,autonomous vehicles,72
34,management system,69
35,systems,68
36,hvac system,63
37,automated,62
38,aerial,59
39,actuator,58
