,keyword,count
0,processing,2854
1,user interface,1455
2,memory,1431
3,storage,1275
4,information processing,1234
5,electronic,1195
6,display,1135
7,image processing,1088
8,detection,936
9,data,870
10,machine learning,869
11,authentication,868
12,monitoring,799
13,touch,780
14,data storage,780
15,computing,777
16,storage system,774
17,sensor,769
18,computer implemented,745
19,imaging,735
20,augmented reality,697
21,audio,691
22,tracking,677
23,disclosure,665
24,image data,642
25,information,624
26,neural network,622
27,camera,618
28,display panel,612
29,memory controller,604
30,sensing,599
31,images,570
32,database,563
33,recognition,554
34,interface,545
35,mobile,539
36,processing system,535
37,processor,533
38,memory system,531
39,application,527
