,keyword,count
0,gaming,158
1,vehicle,120
2,gaming machine,113
3,authentication,109
4,monitoring,92
5,electronic gaming,92
6,wagering,87
7,gaming system,83
8,access control,81
9,sensor,79
10,autonomous vehicle,70
11,detection,63
12,processing,63
13,transaction,62
14,sensor data,57
15,security,54
16,electronic,54
17,data,51
18,mobile,51
19,vehicle data,49
20,biometric,49
21,rfid,46
22,autonomous,46
23,wagering game,45
24,tracking,44
25,vehicle based,41
26,locking,41
27,information processing,40
28,user interface,39
29,automated teller,39
30,access,38
31,gaming systems,38
32,systems,38
33,vehicle control,37
34,teller machine,37
35,disclosure,37
36,transactions,36
37,information,36
38,vehicle vehicle,34
39,lottery,33
