,keyword,count
0,monitoring,290
1,sensor,253
2,detection,242
3,vehicle,224
4,vehicle control,129
5,camera,126
6,autonomous vehicle,117
7,monitoring system,115
8,parking,109
9,traffic,108
10,autonomous,98
11,alarm,93
12,sensor data,93
13,tracking,93
14,detecting,89
15,sensing,84
16,sensors,83
17,processing,82
18,detection system,79
19,vehicle based,79
20,security,78
21,information processing,73
22,vehicle vehicle,73
23,unmanned aerial,71
24,control system,69
25,surveillance,69
26,control,67
27,remote control,66
28,uav,66
29,security system,63
30,control unit,62
31,aerial vehicle,62
32,vehicles,60
33,cameras,57
34,wireless,57
35,vehicle information,55
36,detector,55
37,parking space,55
38,communication,52
39,unmanned,52
