,keyword,count
0,display,1497
1,display panel,976
2,pixel,469
3,pixels,350
4,includes display,271
5,substrate,265
6,display includes,254
7,pixel circuit,233
8,panel,222
9,electronic,205
10,transistor,201
11,circuit display,198
12,provided display,191
13,display display,184
14,display area,180
15,second display,177
16,displays,176
17,panel display,172
18,image display,172
19,driving circuit,169
20,driving display,159
21,processing,159
22,display system,157
23,shift register,157
24,light emitting,152
25,display control,152
26,electrode,150
27,signal,149
28,display unit,148
29,driver,144
30,screen,137
31,flexible display,134
32,display driving,131
33,brightness,129
34,liquid crystal,124
35,shift,122
36,crystal display,120
37,optical,119
38,organic light,119
39,flexible,115
