,keyword,count
0,audio,720
1,microphone,241
2,audio signal,231
3,speech recognition,224
4,audio data,163
5,voice,145
6,speech,117
7,acoustic,99
8,natural language,98
9,processing,94
10,electronic,82
11,voice recognition,77
12,instrument,75
13,voice command,74
14,information processing,73
15,voice input,72
16,transducer,71
17,audio signals,70
18,recognition,67
19,utterance,64
20,microphones,64
21,communication,58
22,disclosure,57
23,user interface,57
24,audio content,57
25,signal processing,56
26,user voice,55
27,voice signal,55
28,audio processing,54
29,speaker,54
30,automatic speech,54
31,sound signal,53
32,dialogue,52
33,speech signal,51
34,voice data,48
35,processing audio,46
36,speech data,46
37,musical instrument,44
38,assistant,42
39,speech processing,42
