,keyword,count
0,memory,1613
1,memory cell,827
2,memory cells,814
3,semiconductor,568
4,memory includes,436
5,storage,326
6,memory controller,315
7,memory system,308
8,semiconductor memory,302
9,volatile memory,263
10,plurality memory,226
11,includes memory,215
12,magnetic,208
13,memory array,186
14,second memory,157
15,data storage,156
16,nonvolatile memory,154
17,shift register,149
18,memory memory,147
19,data,136
20,data memory,131
21,magnetic recording,125
22,clock signal,120
23,shift,116
24,transistor,116
25,transistors,116
26,processing,112
27,semiconductor includes,111
28,access memory,109
29,non volatile,109
30,circuit,107
31,memory including,104
32,memory block,99
33,nonvolatile,98
34,operating memory,96
35,flash memory,94
36,recording,91
37,cells memory,91
38,operation memory,89
39,circuitry,85
