,keyword,count
0,monitoring,158
1,sensor,121
2,processing,114
3,imaging,111
4,medical image,104
5,user interface,91
6,machine learning,88
7,data,86
8,ultrasound,76
9,image data,69
10,monitoring system,63
11,sensor data,63
12,physiological,60
13,image processing,57
14,biometric,56
15,patient data,56
16,iot,53
17,medical images,53
18,tracking,52
19,computer implemented,51
20,insulin,50
21,detection,50
22,medical data,50
23,images,50
24,systems,47
25,wearable,47
26,classification,44
27,information processing,44
28,computing,42
29,sensors,41
30,analyte,38
31,medical,38
32,neural network,37
33,nucleic,36
34,patient monitoring,35
35,nucleic acid,34
36,medical imaging,33
37,imaging system,32
38,processing circuitry,31
39,augmented reality,31
