,keyword,count
0,reactor,62
1,nuclear reactor,53
2,nuclear,31
3,nuclear fuel,30
4,radiation,22
5,imaging,22
6,reactor core,21
7,detector,16
8,ray imaging,14
9,reactor vessel,12
10,shielding,12
11,ray detector,12
12,imaging system,12
13,water reactor,11
14,neutron,11
15,fuel assembly,11
16,scintillator,9
17,optical,9
18,fuel elements,9
19,reactor includes,9
20,ultraviolet,9
21,ray source,9
22,collimator,8
23,scintillation,8
24,nuclear power,8
25,radiation shielding,8
26,optical element,8
27,fusion,8
28,extreme ultraviolet,8
29,molten salt,8
30,radioactive,7
31,ray beam,7
32,plasma,7
33,radioactive waste,6
34,fuel rod,6
35,fuel element,6
36,heat exchanger,6
37,reactor including,6
38,neutron detector,6
39,particle beam,6
