,keyword,count
0,semiconductor,6073
1,substrate,3639
2,electrode,1857
3,semiconductor includes,1653
4,antenna,1560
5,display,1428
6,light emitting,1096
7,semiconductor substrate,1030
8,memory,962
9,display panel,933
10,connector,776
11,semiconductor layer,730
12,includes substrate,674
13,gate electrode,653
14,transistor,650
15,electronic,648
16,includes semiconductor,645
17,semiconductor structure,644
18,battery,637
19,electrodes,619
20,second semiconductor,599
21,integrated circuit,591
22,dielectric layer,575
23,optical,569
24,substrate includes,566
25,emitting,537
26,semiconductor package,533
27,organic light,528
28,sensor,521
29,dielectric,520
30,fuel cell,503
31,first semiconductor,489
32,memory cell,477
33,secondary battery,477
34,lithium,471
35,gate structure,465
36,substrate second,464
37,provided semiconductor,457
38,second electrode,455
39,manufacturing semiconductor,450
