,keyword,count
0,charging,474
1,motor,429
2,wireless power,379
3,rotor,326
4,converter,294
5,power supply,278
6,wireless,277
7,control,274
8,inverter,264
9,power converter,261
10,generator,245
11,electrical,243
12,circuit,237
13,energy storage,233
14,photovoltaic,222
15,electric machine,205
16,control circuit,196
17,power,191
18,electric motor,190
19,motor includes,186
20,power conversion,182
21,power system,179
22,electronic,178
23,actuator,173
24,transformer,165
25,control unit,164
26,stator,164
27,dc converter,161
28,power transmission,160
29,wireless charging,160
30,semiconductor,152
31,solar,151
32,motor control,148
33,protection,144
34,battery pack,136
35,electrically,135
36,power generation,135
37,power transmitter,132
38,rotary,130
39,charger,127
