,keyword,count
0,amplifier,497
1,analog digital,210
2,clock signal,208
3,analog,205
4,circuit,196
5,semiconductor,190
6,decoding,187
7,resonator,168
8,power amplifier,161
9,oscillator,157
10,transistor,152
11,signal,147
12,integrated circuit,144
13,digital analog,139
14,acoustic,134
15,encoding,131
16,decoder,122
17,digital converter,121
18,memory,115
19,piezoelectric,115
20,acoustic wave,111
21,amplifier circuit,109
22,audio,107
23,sensor,106
24,encoder,104
25,circuits,98
26,output signal,97
27,circuit includes,96
28,transistors,93
29,comparator,92
30,ldpc,91
31,control circuit,88
32,circuitry,88
33,sensing,86
34,analog converter,86
35,adc,83
36,clock,82
37,electronic,81
38,rf,80
39,amplifiers,80
