,keyword,count
0,wireless communication,2671
1,wireless,1842
2,processing,1566
3,communication system,1537
4,transmitting,1385
5,communication,1241
6,authentication,1025
7,audio,1019
8,camera,989
9,communications,968
10,transmit,967
11,imaging,949
12,decoding,893
13,electronic,886
14,optical,843
15,data transmission,840
16,image processing,760
17,monitoring,757
18,information processing,751
19,signal,728
20,image sensor,727
21,network,718
22,disclosure,712
23,mobile,704
24,antenna,687
25,wireless communications,686
26,protocol,683
27,sensor,648
28,iot,613
29,synchronization,560
30,blockchain,537
31,detection,521
32,user interface,515
33,display,503
34,base station,497
35,encoding,489
36,encryption,484
37,image,481
38,security,472
39,image data,453
