,keyword,count
0,substrate,425
1,circuit board,412
2,electronic,358
3,lighting,353
4,display,311
5,cooling,270
6,heating,248
7,display panel,225
8,printed circuit,225
9,led,194
10,light emitting,183
11,flexible,168
12,light source,145
13,electronic component,144
14,semiconductor,127
15,electrode,126
16,thermal,126
17,module,123
18,plasma,120
19,board,120
20,light,120
21,lighting system,116
22,illumination,115
23,electrically,109
24,sensor,108
25,substrate includes,108
26,display includes,104
27,electronic includes,103
28,includes display,102
29,panel,101
30,electrical,101
31,antenna,98
32,leds,97
33,heat,94
34,flexible display,92
35,cooling system,92
36,optical,91
37,connector,87
38,heater,84
39,lighting control,82
