,keyword,count
0,electrode,927
1,turbine,760
2,battery,664
3,fuel cell,508
4,gas turbine,503
5,secondary battery,476
6,lithium,472
7,turbine engine,416
8,wind turbine,403
9,energy storage,391
10,electrolyte,385
11,positive electrode,377
12,charging,365
13,solar,342
14,negative electrode,330
15,battery pack,321
16,display,316
17,photovoltaic,316
18,additive manufacturing,313
19,manufacturing,313
20,electrochemical,307
21,substrate,293
22,control,290
23,battery cells,279
24,battery module,276
25,heat exchanger,274
26,lithium ion,273
27,catalyst,269
28,solar cell,250
29,cooling,249
30,battery cell,248
31,hybrid,240
32,combustion engine,236
33,vehicle,236
34,wireless,235
35,control system,233
36,sensor,228
37,electric vehicle,225
38,semiconductor,223
39,electronic,223
