,keyword,count
0,power grid,65
1,charging,57
2,energy storage,56
3,power system,48
4,monitoring,46
5,electric vehicle,36
6,power generation,32
7,power supply,26
8,charging station,25
9,photovoltaic,24
10,energy consumption,23
11,power distribution,23
12,microgrid,23
13,power management,22
14,vehicle charging,22
15,control system,21
16,control,21
17,data collection,21
18,power control,20
19,iot,20
20,energy management,20
21,distributed energy,19
22,electric vehicles,19
23,monitoring system,18
24,power flow,18
25,distribution system,18
26,electric power,18
27,power consumption,17
28,distribution network,16
29,energy,16
30,utility,16
31,sensor,16
32,data acquisition,15
33,control unit,15
34,charging electric,14
35,systems data,14
36,power source,14
37,power,14
38,generator,14
39,consumption data,13
